District,Crop,Season,Rainfall_mm,Temperature_C,Soil_Type,Fertilizer_Used_kg_per_hectare,Pesticide_Used_liters_per_hectare,Area_Hectare,Yield_Quintal_per_Hectare
Nagpur,Soybean,Kharif,773.15,27.1,Black,367.6,8.82,9.29,23.3
Wardha,Cotton,Summer,2958.2,32.8,Red,214.6,2.76,6.6,24.65
Aurangabad,Soybean,Kharif,1363.37,28.4,Alluvial,281.2,8.11,1.35,31.2
Dhule,Cotton,Rabi,2794.38,35.4,Black,380.6,4.67,9.29,27.17
Solapur,Wheat,Summer,1504.09,35.6,Laterite,258.5,8.28,0.98,33.62
Dhule,Rice,Rabi,2786.05,25.4,Alluvial,393.1,5.67,3.3,40.59
Sindhudurg,Soybean,Rabi,790.77,26.0,Black,134.6,8.84,5.04,22.36
Palghar,Rice,Summer,1065.24,32.4,Red,74.5,5.86,4.75,58.3
Ahmednagar,Wheat,Kharif,2709.8,34.7,Alluvial,228.8,2.42,0.88,38.16
Wardha,Soybean,Summer,811.55,27.2,Laterite,273.9,5.26,5.56,13.19
Raigad,Sugarcane,Rabi,2960.67,24.6,Alluvial,81.7,6.72,4.62,176.89
Gondia,Sugarcane,Kharif,2260.86,31.9,Red,165.2,3.75,0.99,193.97
Sindhudurg,Soybean,Summer,2059.66,33.1,Black,263.6,3.61,8.13,23.61
Yavatmal,Rice,Summer,2619.53,37.8,Red,75.0,10.0,3.74,28.27
Palghar,Rice,Summer,1215.76,23.8,Alluvial,253.1,9.73,7.87,50.34
Nashik,Wheat,Kharif,883.14,23.3,Alluvial,293.2,2.77,6.7,33.33
Nagpur,Cotton,Summer,513.63,21.2,Red,174.0,4.27,7.56,24.67
Aurangabad,Cotton,Kharif,1529.03,25.0,Alluvial,286.4,4.27,7.85,27.57
Sindhudurg,Cotton,Kharif,2903.13,30.7,Red,395.0,4.26,2.32,14.04
Amravati,Cotton,Rabi,679.1,32.5,Laterite,397.7,1.61,2.35,25.27
Thane,Sugarcane,Rabi,1942.49,37.2,Alluvial,162.2,3.28,2.6,157.7
Jalgaon,Wheat,Kharif,1422.16,23.8,Red,397.6,3.68,7.77,47.86
Wardha,Soybean,Summer,2407.76,37.5,Alluvial,121.8,3.51,7.75,30.9
Osmanabad,Cotton,Kharif,1277.47,37.2,Black,73.8,9.54,4.54,17.47
Dhule,Soybean,Rabi,1971.01,27.6,Laterite,255.9,6.53,8.03,17.22
Jalgaon,Soybean,Kharif,834.2,26.6,Red,225.0,3.41,3.62,28.63
Satara,Cotton,Kharif,2999.79,33.3,Laterite,324.1,7.9,6.21,17.0
Amravati,Cotton,Rabi,1496.82,36.5,Alluvial,394.2,6.39,1.24,27.02
Satara,Cotton,Rabi,2462.6,32.7,Laterite,253.7,2.17,7.8,17.12
Sangli,Cotton,Summer,923.2,30.6,Laterite,231.5,8.45,7.38,14.93
Aurangabad,Wheat,Rabi,559.66,24.8,Red,294.8,1.73,4.65,24.76
Dhule,Sugarcane,Summer,983.34,36.7,Red,292.9,5.51,0.57,299.02
Solapur,Rice,Summer,2463.16,27.5,Red,129.7,3.81,6.18,40.52
Akola,Sugarcane,Kharif,764.5,30.7,Alluvial,215.9,3.31,8.14,303.45
Chandrapur,Cotton,Summer,1463.46,37.3,Laterite,78.0,5.2,2.2,28.18
Hingoli,Cotton,Summer,1451.53,29.2,Alluvial,210.7,4.1,1.67,30.48
Latur,Cotton,Kharif,757.98,26.8,Alluvial,53.2,3.67,4.52,33.37
Osmanabad,Cotton,Rabi,1904.39,34.4,Black,231.5,1.16,7.7,22.9
Raigad,Wheat,Kharif,2147.06,36.3,Alluvial,295.2,4.85,9.81,33.78
Aurangabad,Rice,Summer,1774.76,32.2,Laterite,366.4,3.26,1.5,46.51
Nanded,Rice,Summer,2163.45,22.9,Black,165.0,3.54,5.27,27.28
Bhandara,Rice,Kharif,1513.07,32.3,Laterite,260.1,3.4,7.5,60.84
Mumbai,Sugarcane,Kharif,852.79,29.4,Laterite,83.3,7.64,2.56,166.61
Akola,Rice,Kharif,2236.21,22.0,Alluvial,154.6,3.44,9.39,61.29
Pune,Sugarcane,Summer,2364.35,20.8,Laterite,185.7,1.96,4.59,236.86
Solapur,Wheat,Kharif,2258.35,31.4,Black,331.8,6.61,1.01,37.75
Wardha,Rice,Kharif,696.05,35.2,Laterite,383.6,4.21,3.71,48.24
Dhule,Wheat,Rabi,572.35,24.0,Black,335.4,2.12,8.19,22.34
Dhule,Rice,Kharif,1779.64,24.8,Alluvial,191.3,3.41,2.52,27.64
Nashik,Sugarcane,Summer,2726.82,32.9,Laterite,286.5,3.53,4.09,282.02
Raigad,Soybean,Rabi,1897.68,24.2,Alluvial,363.6,7.27,7.87,24.65
Gadchiroli,Soybean,Kharif,2290.92,34.6,Alluvial,357.0,3.74,1.0,24.52
Yavatmal,Sugarcane,Rabi,1619.59,28.8,Black,220.6,6.64,7.95,192.71
Jalgaon,Cotton,Summer,2205.34,34.8,Alluvial,276.9,5.53,4.4,18.42
Aurangabad,Sugarcane,Summer,2790.62,30.0,Alluvial,57.9,1.36,5.76,204.68
Mumbai,Rice,Rabi,1346.0,35.1,Red,127.3,2.9,4.32,48.28
Osmanabad,Soybean,Summer,450.75,20.1,Black,334.5,4.76,7.04,21.18
Bhandara,Wheat,Rabi,469.02,27.6,Black,294.7,5.74,8.9,25.86
Sindhudurg,Rice,Rabi,1027.65,20.6,Black,111.6,5.16,6.73,61.72
Sangli,Wheat,Summer,682.74,25.1,Black,359.6,1.63,1.78,29.69
Thane,Cotton,Summer,1817.35,30.5,Red,358.1,1.7,0.99,22.65
Palghar,Wheat,Rabi,762.16,33.7,Laterite,303.1,8.59,9.42,42.76
Solapur,Soybean,Rabi,1618.28,22.1,Red,184.8,8.89,2.84,16.13
Beed,Rice,Rabi,625.05,28.7,Alluvial,362.8,7.61,2.36,28.64
Yavatmal,Wheat,Rabi,2871.24,32.2,Alluvial,128.5,5.15,9.27,55.89
Akola,Sugarcane,Summer,2889.65,20.7,Alluvial,395.3,1.23,4.03,207.92
Chandrapur,Cotton,Rabi,1303.23,25.9,Red,229.0,6.55,7.35,17.12
Ahmednagar,Soybean,Kharif,2487.36,38.0,Black,396.4,2.92,8.43,31.31
Solapur,Cotton,Rabi,562.05,37.1,Laterite,222.7,7.38,1.38,17.83
Satara,Cotton,Kharif,2040.21,25.0,Black,130.7,1.57,5.48,20.72
Chandrapur,Rice,Kharif,1151.86,32.1,Laterite,146.9,6.39,3.71,39.93
Bhandara,Soybean,Kharif,608.92,33.2,Laterite,133.2,4.67,3.16,23.8
Chandrapur,Cotton,Rabi,2656.28,27.9,Red,322.3,9.95,2.92,19.36
Aurangabad,Rice,Summer,1654.61,26.5,Black,312.2,3.99,1.69,35.03
Wardha,Soybean,Summer,669.17,20.4,Alluvial,149.4,3.86,0.71,23.02
Nanded,Wheat,Kharif,1622.53,28.2,Black,368.0,3.99,2.88,55.61
Nanded,Rice,Rabi,897.9,31.4,Laterite,397.0,7.42,5.29,29.79
Nanded,Sugarcane,Rabi,2025.98,35.0,Alluvial,282.3,6.69,7.97,283.03
Mumbai,Rice,Rabi,2461.05,25.7,Red,378.2,2.56,3.17,28.39
Kolhapur,Rice,Summer,2470.28,21.7,Black,342.6,8.32,3.59,67.0
Bhandara,Rice,Kharif,2523.15,33.5,Black,71.0,7.11,8.97,22.47
Palghar,Cotton,Rabi,2668.88,22.3,Red,379.1,1.2,3.36,24.52
Nagpur,Wheat,Summer,1819.27,25.0,Red,315.3,9.12,6.58,32.74
Nagpur,Wheat,Kharif,2764.11,26.5,Black,176.9,3.62,5.45,52.88
Chandrapur,Cotton,Rabi,1769.71,22.3,Alluvial,75.3,7.81,3.07,33.62
Bhandara,Wheat,Summer,1811.73,30.1,Alluvial,183.4,9.28,2.68,50.46
Wardha,Soybean,Summer,581.52,26.6,Laterite,108.9,8.86,7.94,26.64
Kolhapur,Wheat,Rabi,2052.66,36.5,Red,342.4,3.2,9.83,46.5
Kolhapur,Soybean,Kharif,753.67,35.9,Black,311.1,1.92,2.0,17.9
Gadchiroli,Cotton,Summer,1604.18,31.6,Black,330.7,5.38,2.25,15.07
Dhule,Rice,Summer,2836.9,29.8,Black,263.6,4.81,2.03,61.87
Washim,Sugarcane,Kharif,2487.02,24.7,Red,300.6,4.19,3.08,234.69
Nashik,Cotton,Summer,1232.2,28.2,Alluvial,69.9,9.82,9.97,28.8
Ratnagiri,Soybean,Rabi,2793.77,38.0,Alluvial,146.3,5.11,2.31,25.38
Jalgaon,Wheat,Rabi,1260.04,32.2,Red,316.2,8.26,4.97,24.51
Amravati,Wheat,Summer,459.72,27.6,Laterite,82.4,3.88,0.53,33.82
Raigad,Soybean,Rabi,2697.56,27.8,Alluvial,319.1,3.23,4.29,19.0
Pune,Wheat,Kharif,1377.79,34.7,Black,325.9,4.4,7.45,54.47
Sindhudurg,Wheat,Summer,1199.49,25.7,Red,242.2,4.6,1.41,46.51
Dhule,Sugarcane,Kharif,832.1,31.4,Alluvial,253.9,9.36,9.74,307.22
Nagpur,Sugarcane,Summer,2824.11,24.2,Laterite,190.3,5.59,3.74,249.16
Kolhapur,Soybean,Rabi,2745.74,33.8,Alluvial,286.1,8.22,7.75,12.95
Bhandara,Sugarcane,Rabi,2488.24,21.3,Alluvial,351.5,9.68,3.12,219.6
Gadchiroli,Sugarcane,Summer,885.76,20.0,Laterite,135.1,6.86,6.76,151.39
Ratnagiri,Cotton,Kharif,1576.06,35.3,Black,247.2,1.14,0.53,28.35
Nanded,Sugarcane,Kharif,441.25,20.5,Alluvial,339.5,2.07,4.75,164.37
Beed,Wheat,Rabi,1540.66,31.7,Laterite,173.8,4.4,4.88,42.68
Ratnagiri,Rice,Summer,1594.31,20.9,Red,384.7,6.84,5.07,56.34
Sangli,Wheat,Kharif,2768.13,27.7,Red,69.9,7.83,3.14,34.45
Palghar,Rice,Kharif,2151.87,31.2,Red,389.5,8.34,6.36,40.64
Ratnagiri,Wheat,Summer,2919.12,23.5,Red,112.8,1.56,9.35,41.89
Ratnagiri,Cotton,Kharif,2862.36,37.8,Red,168.6,2.43,7.75,30.31
Sangli,Wheat,Kharif,2470.07,29.3,Black,285.1,3.89,4.95,51.63
Parbhani,Cotton,Kharif,1652.85,28.9,Laterite,79.9,8.09,8.93,25.44
Gondia,Sugarcane,Summer,2331.1,27.4,Red,235.7,4.24,2.15,241.46
Beed,Sugarcane,Rabi,2063.01,26.0,Laterite,246.1,3.24,2.01,191.6
Buldhana,Sugarcane,Summer,2675.36,21.9,Laterite,342.3,4.67,3.26,271.86
Nashik,Rice,Rabi,483.68,24.8,Laterite,130.6,5.03,1.88,54.5
Akola,Soybean,Rabi,2533.33,37.9,Laterite,327.9,7.22,6.57,34.26
Dhule,Rice,Kharif,1690.16,24.4,Alluvial,399.8,7.2,5.59,54.36
Beed,Cotton,Kharif,586.47,28.5,Laterite,314.5,9.1,3.85,19.7
Sangli,Wheat,Summer,1181.44,27.4,Red,348.0,6.62,2.75,32.23
Latur,Cotton,Rabi,2092.15,28.4,Red,147.1,6.38,2.12,20.01
Solapur,Cotton,Kharif,1784.57,24.4,Black,150.5,9.65,2.57,22.8
Dhule,Soybean,Rabi,2779.77,35.3,Laterite,295.2,7.54,4.02,19.78
Sangli,Cotton,Kharif,2265.01,23.7,Red,249.5,3.07,4.87,27.78
Wardha,Sugarcane,Summer,1029.68,21.7,Black,51.9,7.86,0.59,166.99
Nashik,Wheat,Kharif,431.24,27.7,Black,205.6,2.23,8.38,48.93
Solapur,Soybean,Summer,1244.81,32.5,Alluvial,195.9,1.37,7.92,25.07
Chandrapur,Sugarcane,Kharif,2482.42,25.0,Laterite,355.2,8.8,4.19,278.32
Bhandara,Soybean,Kharif,1102.11,36.8,Black,284.6,5.2,0.52,19.17
Aurangabad,Sugarcane,Summer,1415.68,35.6,Alluvial,90.4,5.43,0.77,278.97
Thane,Sugarcane,Kharif,2504.15,30.0,Laterite,395.6,5.79,0.82,191.21
Satara,Soybean,Kharif,1680.07,32.1,Alluvial,342.7,1.45,1.66,25.62
Chandrapur,Soybean,Kharif,451.56,33.7,Red,356.2,1.62,6.67,22.58
Nanded,Sugarcane,Kharif,2791.37,36.5,Red,306.1,9.54,1.6,242.89
Bhandara,Soybean,Summer,1028.71,30.5,Alluvial,331.0,9.83,3.32,22.36
Amravati,Rice,Summer,1296.62,31.3,Red,163.7,5.03,2.94,52.86
Aurangabad,Soybean,Summer,717.59,30.0,Red,98.3,8.96,2.57,23.85
Thane,Wheat,Summer,711.81,36.2,Alluvial,61.1,5.12,5.88,40.05
Dhule,Soybean,Summer,2942.01,23.2,Black,267.3,3.12,3.08,12.6
Jalgaon,Rice,Summer,1192.45,29.0,Black,111.6,6.55,4.76,22.6
Gondia,Soybean,Rabi,1855.6,21.8,Red,115.6,4.44,8.11,21.67
Solapur,Soybean,Kharif,2455.12,23.0,Laterite,60.0,7.26,3.54,20.19
Jalgaon,Soybean,Rabi,2967.79,36.8,Laterite,76.8,2.49,1.31,27.5
Beed,Cotton,Kharif,2869.79,29.3,Laterite,371.6,3.49,1.57,21.24
Nagpur,Rice,Kharif,447.21,22.6,Black,147.5,3.73,5.69,63.5
Latur,Rice,Rabi,1820.81,30.4,Red,222.1,3.38,6.6,27.18
Ahmednagar,Cotton,Kharif,2165.64,30.7,Red,60.4,6.9,2.73,19.36
Satara,Sugarcane,Summer,908.15,25.3,Alluvial,97.8,8.24,2.44,224.36
Nagpur,Wheat,Summer,2929.88,26.5,Laterite,238.3,7.06,8.63,45.0
Dhule,Soybean,Kharif,788.79,23.8,Red,267.9,7.22,2.28,17.97
Ahmednagar,Cotton,Kharif,2999.78,28.8,Laterite,211.9,7.36,7.93,19.71
Chandrapur,Soybean,Summer,589.85,26.6,Black,232.0,2.47,1.42,19.86
Dhule,Sugarcane,Rabi,2257.92,34.1,Laterite,98.3,3.02,5.04,195.63
Raigad,Soybean,Rabi,1657.27,25.2,Alluvial,75.9,1.97,1.4,13.12
Wardha,Sugarcane,Kharif,1143.66,28.9,Red,170.9,5.3,9.06,284.16
Palghar,Rice,Summer,2660.08,36.0,Red,309.7,1.05,6.35,37.34
Jalgaon,Soybean,Summer,859.44,30.4,Laterite,203.1,5.36,6.01,14.92
Washim,Soybean,Kharif,585.67,27.6,Black,239.0,8.74,0.83,25.59
Palghar,Cotton,Rabi,2963.32,32.0,Alluvial,116.9,4.12,4.45,24.13
Yavatmal,Cotton,Rabi,1321.94,25.1,Alluvial,234.7,7.0,4.4,28.65
Nashik,Soybean,Summer,1652.85,33.5,Laterite,218.7,2.66,2.9,11.98
Sindhudurg,Soybean,Kharif,2253.89,37.4,Alluvial,149.0,7.27,8.29,30.85
Mumbai,Cotton,Kharif,2317.62,25.0,Alluvial,329.5,5.96,2.54,20.8
Bhandara,Cotton,Kharif,1617.9,36.6,Black,384.5,4.93,4.34,12.61
Solapur,Soybean,Kharif,762.95,29.7,Black,103.3,4.72,9.09,11.11
Wardha,Cotton,Kharif,2978.91,32.9,Black,122.2,2.22,8.44,35.32
Latur,Soybean,Rabi,1007.65,36.5,Black,380.6,1.44,6.41,30.18
Gondia,Sugarcane,Kharif,1199.48,26.6,Black,300.0,2.58,9.03,158.64
Solapur,Soybean,Rabi,1162.7,36.9,Red,188.3,5.74,7.4,16.47
Pune,Soybean,Kharif,595.53,23.6,Red,379.2,3.42,2.68,22.44
Chandrapur,Wheat,Kharif,949.05,29.6,Laterite,309.1,9.34,2.17,35.59
Wardha,Wheat,Kharif,2803.48,30.6,Alluvial,117.6,3.6,6.86,43.99
Ratnagiri,Wheat,Summer,1119.66,24.2,Laterite,234.4,3.5,0.62,35.72
Nanded,Cotton,Kharif,1111.38,22.3,Black,134.3,4.08,6.87,21.63
Sangli,Rice,Kharif,2615.91,23.9,Red,227.5,6.88,9.41,52.41
Akola,Rice,Kharif,2188.11,23.9,Alluvial,240.6,6.7,3.13,53.73
Palghar,Rice,Kharif,1798.47,22.6,Laterite,159.9,6.83,9.66,44.98
Thane,Soybean,Summer,2660.19,35.2,Laterite,87.6,3.76,8.28,22.25
Akola,Cotton,Rabi,1415.21,28.2,Black,389.7,4.4,8.95,26.39
Raigad,Rice,Kharif,2140.26,34.4,Red,337.7,6.7,9.32,27.25
Thane,Rice,Rabi,2316.29,32.3,Red,248.2,3.29,6.37,46.8
Palghar,Soybean,Summer,2098.55,21.6,Red,139.1,4.8,9.39,20.92
Dhule,Rice,Rabi,436.74,29.6,Black,171.7,8.11,9.34,56.99
Latur,Wheat,Summer,807.69,34.7,Laterite,53.4,2.39,5.05,43.19
Bhandara,Sugarcane,Rabi,587.82,21.6,Laterite,261.8,3.62,6.15,275.14
Nashik,Wheat,Rabi,2626.41,32.1,Black,121.3,6.95,3.34,21.23
Latur,Soybean,Summer,2077.58,21.4,Alluvial,268.1,1.6,8.49,25.18
Gadchiroli,Soybean,Kharif,895.37,23.0,Laterite,107.3,4.0,2.39,28.25
Sindhudurg,Soybean,Kharif,2540.19,28.9,Red,190.5,5.49,4.73,15.86
Nashik,Sugarcane,Rabi,2923.62,30.6,Black,356.7,4.5,3.18,231.24
Gondia,Soybean,Rabi,2237.03,32.3,Red,308.9,2.28,7.16,27.57
Gadchiroli,Soybean,Summer,2310.65,27.7,Red,150.3,9.62,7.35,17.72
Palghar,Cotton,Kharif,604.65,30.6,Alluvial,76.3,7.07,5.1,23.09
Jalgaon,Soybean,Rabi,1232.56,33.0,Laterite,93.4,6.96,4.78,17.88
Satara,Cotton,Kharif,2841.29,22.4,Laterite,59.7,9.87,8.78,15.1
Amravati,Sugarcane,Kharif,2652.2,33.0,Red,310.1,3.97,5.61,165.73
Sindhudurg,Soybean,Rabi,2951.2,24.2,Laterite,369.4,6.65,2.65,26.2
Bhandara,Wheat,Rabi,2956.62,27.2,Laterite,237.8,4.7,0.52,52.22
Kolhapur,Sugarcane,Rabi,2953.03,35.9,Alluvial,390.2,6.33,9.38,161.73
Raigad,Soybean,Summer,1827.22,30.3,Black,341.8,5.49,2.42,21.53
Nashik,Cotton,Summer,835.63,30.5,Black,238.5,8.52,6.85,19.98
Mumbai,Rice,Kharif,2608.06,30.0,Red,336.7,2.79,8.55,27.81
Kolhapur,Cotton,Kharif,1518.07,26.0,Alluvial,279.4,3.39,7.8,20.52
Raigad,Wheat,Kharif,2632.98,28.7,Red,61.1,3.14,4.61,16.99
Sangli,Sugarcane,Kharif,543.19,33.7,Laterite,303.4,1.03,3.65,153.98
Nagpur,Sugarcane,Rabi,658.89,31.6,Laterite,383.4,2.83,6.69,247.88
Chandrapur,Wheat,Rabi,2977.21,33.8,Laterite,96.9,9.04,9.7,48.62
Pune,Rice,Rabi,888.49,36.8,Red,216.9,9.56,1.4,33.02
Pune,Rice,Rabi,932.65,27.5,Laterite,289.5,2.71,8.49,53.87
Amravati,Cotton,Summer,2218.71,26.2,Black,370.6,3.9,7.09,28.67
Akola,Soybean,Rabi,2311.58,37.0,Black,289.8,3.66,7.33,21.86
Satara,Soybean,Summer,2693.71,27.8,Red,286.1,7.47,3.88,25.47
Jalgaon,Cotton,Rabi,572.79,20.1,Black,127.0,6.08,1.17,26.19
Jalgaon,Cotton,Rabi,1920.51,22.6,Black,92.3,8.76,6.47,14.11
Osmanabad,Cotton,Kharif,688.26,35.9,Laterite,138.1,6.25,2.96,19.32
Nagpur,Rice,Rabi,2231.66,32.0,Laterite,97.5,5.17,7.37,35.74
Dhule,Sugarcane,Summer,863.14,31.7,Laterite,141.6,6.04,6.34,177.66
Ahmednagar,Rice,Rabi,2258.92,31.9,Alluvial,317.2,6.87,5.18,59.88
Aurangabad,Wheat,Rabi,1591.81,29.9,Black,307.0,4.27,7.11,20.42
Nanded,Rice,Summer,1585.79,36.8,Alluvial,192.2,3.15,3.75,50.53
Buldhana,Wheat,Summer,2611.78,29.8,Red,244.6,4.99,0.91,36.94
Dhule,Soybean,Rabi,1505.96,24.7,Red,203.0,1.03,5.14,22.3
Mumbai,Wheat,Kharif,2496.62,28.7,Black,265.9,6.97,0.96,43.46
Nagpur,Soybean,Rabi,797.01,28.3,Laterite,185.5,7.37,9.42,19.4
Nagpur,Soybean,Kharif,1467.1,34.4,Laterite,264.9,2.89,4.75,27.57
Ahmednagar,Rice,Summer,2861.54,32.6,Laterite,182.7,4.58,0.57,25.34
Kolhapur,Soybean,Kharif,2764.67,31.1,Black,318.9,1.27,1.91,24.86
Buldhana,Sugarcane,Kharif,675.87,24.2,Black,372.0,2.59,8.04,289.07
Nashik,Cotton,Kharif,411.03,20.6,Red,166.3,7.59,0.81,15.4
Sangli,Sugarcane,Summer,2422.28,38.0,Red,155.3,9.57,5.93,198.75
Washim,Cotton,Kharif,2718.19,20.0,Black,122.8,6.65,3.02,21.71
Nagpur,Soybean,Summer,2454.11,27.1,Laterite,285.9,8.32,5.66,22.28
Nanded,Rice,Kharif,1465.99,30.4,Laterite,363.8,6.01,5.39,41.71
Satara,Soybean,Kharif,2919.41,32.2,Laterite,54.4,9.59,7.3,11.36
Mumbai,Cotton,Summer,2431.98,26.7,Red,314.7,8.72,6.53,35.73
Gadchiroli,Wheat,Rabi,2173.56,27.2,Red,331.8,2.82,8.54,20.8
Aurangabad,Cotton,Kharif,944.36,21.2,Red,299.4,1.62,7.64,31.24
Osmanabad,Rice,Rabi,1476.07,33.9,Black,265.0,8.49,9.72,64.15
Bhandara,Sugarcane,Rabi,2687.78,23.8,Black,338.0,4.79,7.3,293.88
Thane,Rice,Kharif,2930.25,34.6,Laterite,262.4,1.34,9.96,36.01
Thane,Soybean,Kharif,1952.53,31.7,Black,249.7,4.67,4.76,20.29
Sindhudurg,Sugarcane,Summer,2612.51,20.5,Alluvial,123.6,4.17,4.91,241.59
Pune,Sugarcane,Kharif,2842.24,26.3,Red,160.8,6.09,6.36,163.36
Raigad,Wheat,Summer,2646.75,30.4,Red,204.3,4.6,2.16,21.83
Kolhapur,Wheat,Summer,2243.53,25.1,Laterite,347.1,7.07,9.18,40.88
Pune,Soybean,Kharif,1432.12,34.7,Laterite,104.6,8.62,6.28,10.63
Hingoli,Soybean,Kharif,980.26,37.5,Alluvial,159.2,4.14,8.1,17.37
Thane,Soybean,Summer,806.41,24.1,Red,327.7,1.81,6.04,25.26
Dhule,Soybean,Summer,2148.02,20.9,Black,240.9,8.31,4.55,18.02
Kolhapur,Soybean,Summer,2705.48,30.1,Red,191.4,5.86,8.05,26.65
Dhule,Cotton,Rabi,2291.6,30.6,Black,346.5,9.06,3.31,14.77
Nanded,Cotton,Kharif,2847.39,35.2,Black,344.7,6.44,4.7,29.34
Ratnagiri,Wheat,Kharif,1948.26,22.8,Laterite,367.5,1.94,6.14,48.69
Ratnagiri,Cotton,Rabi,2004.98,34.5,Red,110.7,5.35,5.2,26.04
Ahmednagar,Rice,Rabi,1719.79,31.9,Red,360.8,6.88,1.65,35.54
Buldhana,Cotton,Kharif,2398.42,32.1,Alluvial,86.3,2.16,9.17,29.49
Gondia,Rice,Rabi,2074.05,37.9,Alluvial,234.0,3.19,6.03,50.07
Latur,Wheat,Kharif,1959.11,29.5,Laterite,270.2,4.34,2.82,41.51
Washim,Cotton,Rabi,1813.53,21.6,Laterite,353.2,9.99,9.52,24.82
Amravati,Rice,Rabi,1166.82,29.5,Alluvial,64.4,8.89,2.66,28.0
Akola,Rice,Rabi,1124.78,25.1,Laterite,93.8,9.1,2.4,63.12
Palghar,Rice,Summer,602.12,20.5,Red,104.9,3.07,7.88,43.92
Akola,Rice,Summer,1090.1,30.8,Black,242.3,3.89,9.85,54.03
Sangli,Soybean,Kharif,1126.09,29.5,Black,298.6,9.0,7.89,23.77
Jalgaon,Rice,Summer,2197.18,20.8,Black,339.2,3.03,9.83,52.93
Wardha,Rice,Summer,1364.98,29.7,Red,193.1,6.51,6.99,35.55
Nagpur,Cotton,Kharif,2698.36,23.4,Black,291.5,9.56,9.91,22.84
Mumbai,Soybean,Kharif,1071.31,28.3,Black,178.6,6.23,1.32,16.4
Ahmednagar,Cotton,Rabi,430.03,31.5,Laterite,122.0,6.9,5.62,24.09
Nanded,Wheat,Rabi,431.79,28.6,Red,136.7,8.11,6.89,22.36
Palghar,Rice,Rabi,777.18,22.8,Black,58.5,7.16,9.53,24.73
Palghar,Cotton,Summer,2847.32,25.7,Laterite,239.4,4.14,1.65,23.23
Latur,Sugarcane,Kharif,2776.43,21.2,Black,104.4,3.01,7.64,156.77
Ratnagiri,Sugarcane,Rabi,1683.52,29.2,Laterite,211.1,9.41,2.1,278.29
Hingoli,Sugarcane,Summer,1513.33,37.7,Red,253.7,6.65,6.9,185.36
Akola,Sugarcane,Rabi,1159.17,33.5,Laterite,244.6,2.27,7.46,162.44
Pune,Soybean,Summer,2422.94,28.8,Red,366.7,5.13,2.37,28.4
Pune,Sugarcane,Summer,590.14,33.5,Alluvial,158.6,2.91,7.7,158.9
Buldhana,Sugarcane,Rabi,2919.05,24.9,Alluvial,68.3,2.04,7.7,227.89
Washim,Soybean,Rabi,1657.82,34.1,Laterite,392.3,8.2,2.74,31.49
Jalgaon,Sugarcane,Kharif,2615.05,29.6,Black,394.9,3.57,2.46,208.12
Osmanabad,Wheat,Kharif,1294.31,32.9,Alluvial,394.4,7.45,8.88,27.93
Chandrapur,Wheat,Kharif,2246.02,34.7,Alluvial,359.7,5.02,5.35,38.28
Sangli,Soybean,Summer,934.91,27.8,Red,113.9,5.0,1.68,22.78
Bhandara,Rice,Summer,1103.42,22.6,Red,364.2,1.12,5.82,22.06
Nashik,Cotton,Rabi,602.9,36.8,Laterite,357.9,1.8,0.57,28.35
Bhandara,Rice,Summer,2442.82,21.8,Black,57.7,4.55,8.67,39.44
Aurangabad,Cotton,Kharif,2144.43,21.3,Laterite,295.9,7.81,2.51,20.83
Beed,Soybean,Summer,1340.47,24.1,Laterite,64.2,9.38,7.18,18.02
Satara,Rice,Summer,1856.13,30.4,Alluvial,213.0,4.37,2.02,35.47
Nagpur,Sugarcane,Rabi,2991.45,25.1,Black,396.7,8.62,4.64,211.17
Buldhana,Rice,Rabi,2630.11,34.6,Laterite,269.4,7.05,2.71,28.15
Aurangabad,Soybean,Rabi,481.85,28.3,Alluvial,214.0,2.04,5.22,16.03
Sindhudurg,Cotton,Summer,476.01,21.5,Laterite,252.6,1.45,3.15,19.84
Parbhani,Wheat,Summer,648.72,31.6,Black,59.2,7.09,4.62,35.37
Ahmednagar,Cotton,Rabi,1144.09,28.5,Laterite,313.1,9.83,2.99,25.65
Dhule,Wheat,Rabi,1448.1,31.3,Laterite,311.0,5.51,8.84,25.02
Kolhapur,Cotton,Kharif,2490.28,26.6,Alluvial,177.3,9.78,6.19,24.05
Sangli,Soybean,Summer,2883.1,34.7,Laterite,325.6,2.96,3.07,22.05
Raigad,Soybean,Summer,1097.94,27.9,Laterite,63.5,1.54,5.41,11.53
Satara,Soybean,Kharif,1242.12,21.9,Black,313.3,6.98,6.24,25.54
Aurangabad,Sugarcane,Summer,2437.05,22.0,Alluvial,55.1,5.58,1.49,231.33
Thane,Cotton,Rabi,1730.69,34.6,Red,90.6,9.86,9.01,33.76
Satara,Wheat,Summer,740.6,33.3,Laterite,181.6,3.12,4.03,30.76
Aurangabad,Soybean,Summer,1926.48,35.9,Red,377.4,3.19,4.06,29.64
Osmanabad,Soybean,Rabi,1523.66,35.2,Laterite,70.0,8.71,1.88,19.29
Mumbai,Soybean,Summer,1250.81,36.9,Black,55.7,1.68,6.33,10.83
Nagpur,Soybean,Summer,1384.51,22.7,Black,91.0,4.72,8.31,18.1
Washim,Cotton,Summer,1000.3,32.0,Laterite,203.2,6.45,5.83,23.3
Bhandara,Rice,Summer,1774.97,33.7,Alluvial,69.7,2.66,3.27,57.15
Thane,Cotton,Rabi,1275.04,24.6,Red,337.9,5.06,5.26,29.56
Sindhudurg,Sugarcane,Kharif,2825.7,28.7,Alluvial,110.9,8.94,7.1,298.76
Kolhapur,Wheat,Rabi,2249.77,21.6,Laterite,309.7,5.41,0.6,53.33
Aurangabad,Sugarcane,Summer,1724.1,35.5,Red,280.9,7.44,2.63,167.05
Jalgaon,Rice,Kharif,534.55,33.7,Laterite,229.2,7.79,0.96,60.28
Nagpur,Cotton,Kharif,2680.9,36.9,Red,318.1,6.12,9.52,14.62
Beed,Cotton,Kharif,2503.38,22.3,Alluvial,153.4,8.52,6.8,17.67
Palghar,Cotton,Summer,825.22,26.4,Alluvial,204.5,6.94,0.69,32.86
Latur,Rice,Summer,844.85,24.1,Red,208.0,9.67,8.55,32.37
Yavatmal,Cotton,Kharif,2375.99,31.9,Black,330.9,2.26,3.01,21.47
Nanded,Sugarcane,Rabi,1601.53,35.0,Laterite,125.5,9.22,1.22,262.16
Wardha,Wheat,Rabi,1735.99,37.9,Red,167.6,7.65,0.89,41.82
Osmanabad,Wheat,Summer,2532.44,32.9,Black,86.6,9.02,4.26,42.68
Solapur,Cotton,Rabi,2662.07,27.3,Red,133.2,5.91,5.79,18.6
Palghar,Sugarcane,Rabi,1448.38,32.9,Alluvial,384.7,1.83,4.86,193.09
Buldhana,Soybean,Kharif,2072.74,32.7,Alluvial,93.4,5.28,7.85,26.87
Nagpur,Rice,Summer,1732.24,31.0,Laterite,244.4,3.42,6.32,55.81
Wardha,Rice,Rabi,1392.56,26.2,Laterite,287.9,9.1,2.91,46.32
Dhule,Rice,Kharif,1477.18,31.3,Laterite,319.2,5.97,4.04,27.9
Palghar,Rice,Summer,2898.74,24.1,Laterite,71.3,6.69,8.81,29.26
Sindhudurg,Wheat,Summer,2385.69,23.0,Alluvial,387.5,8.61,6.18,54.39
Jalgaon,Cotton,Rabi,2878.06,21.2,Alluvial,154.8,1.73,6.63,19.03
Raigad,Cotton,Rabi,2341.04,28.5,Black,172.0,6.59,0.98,11.02
Satara,Wheat,Rabi,2165.36,37.3,Laterite,176.5,2.74,9.52,47.76
Latur,Soybean,Summer,2529.42,34.1,Alluvial,296.8,4.36,4.7,22.66
Yavatmal,Wheat,Rabi,2989.56,27.8,Laterite,381.9,9.97,6.48,54.92
Wardha,Wheat,Summer,1240.9,35.3,Laterite,95.1,8.79,2.24,27.26
Chandrapur,Sugarcane,Summer,2355.87,20.1,Laterite,261.5,4.84,1.16,181.65
Washim,Soybean,Summer,597.88,32.4,Black,237.4,5.59,0.61,30.79
Thane,Sugarcane,Summer,1463.79,21.7,Red,284.9,9.55,1.23,215.05
Nashik,Rice,Summer,719.01,35.7,Black,209.1,7.68,7.19,59.71
Pune,Soybean,Rabi,2065.38,34.3,Alluvial,83.1,6.62,4.32,20.43
Satara,Soybean,Summer,2409.23,32.0,Red,301.7,4.41,2.55,24.23
Solapur,Soybean,Kharif,2142.56,25.0,Alluvial,396.9,6.09,2.7,22.07
Pune,Cotton,Kharif,2225.98,24.2,Laterite,316.8,5.14,0.94,19.65
Latur,Soybean,Summer,1082.5,27.6,Black,151.3,8.34,6.13,16.7
Washim,Soybean,Kharif,1107.58,24.2,Red,96.3,4.64,3.41,19.09
Raigad,Soybean,Kharif,2826.28,29.8,Laterite,154.1,2.14,2.11,21.96
Nagpur,Wheat,Kharif,1458.91,35.1,Black,252.8,9.83,0.71,49.54
Kolhapur,Soybean,Rabi,2417.2,30.9,Black,271.3,3.05,3.05,15.95
Hingoli,Rice,Kharif,1174.68,32.0,Black,85.0,4.06,1.88,56.35
Buldhana,Cotton,Rabi,1400.32,26.8,Black,230.9,4.63,9.15,27.88
Yavatmal,Cotton,Kharif,659.41,23.6,Black,291.0,4.94,2.26,17.06
Nagpur,Rice,Kharif,1886.64,28.1,Laterite,153.2,3.73,6.79,54.34
Solapur,Soybean,Summer,586.21,37.8,Black,307.6,7.56,4.7,20.54
Solapur,Cotton,Summer,1271.1,32.1,Red,110.6,6.55,8.81,27.41
Parbhani,Soybean,Kharif,2112.47,23.6,Alluvial,364.3,9.58,0.68,20.42
Chandrapur,Cotton,Rabi,2980.96,28.8,Black,121.9,4.57,3.25,27.25
Buldhana,Sugarcane,Summer,1073.71,24.1,Alluvial,270.0,7.37,5.37,225.94
Akola,Rice,Summer,1582.26,35.7,Black,137.7,2.22,3.14,46.38
Aurangabad,Sugarcane,Summer,2615.09,27.2,Alluvial,69.9,4.29,0.59,158.61
Buldhana,Soybean,Kharif,508.78,37.5,Red,358.1,5.24,1.35,9.82
Nashik,Cotton,Rabi,1677.88,21.3,Black,361.8,9.8,4.37,28.11
Palghar,Wheat,Summer,2366.99,31.3,Laterite,59.5,1.49,7.43,45.22
Aurangabad,Sugarcane,Kharif,2701.13,27.4,Alluvial,267.8,1.05,5.49,172.6
Nanded,Wheat,Summer,1464.37,25.3,Black,386.5,8.6,5.31,48.19
Gondia,Cotton,Rabi,2662.85,20.7,Black,118.7,6.45,7.99,25.69
Latur,Cotton,Summer,664.95,36.8,Black,294.2,3.8,2.19,22.04
Akola,Sugarcane,Rabi,971.81,26.0,Black,236.9,7.32,6.17,195.96
Ahmednagar,Wheat,Summer,2515.76,27.6,Laterite,168.3,3.9,6.17,31.65
Thane,Soybean,Kharif,420.65,21.2,Laterite,328.1,4.77,4.62,20.41
Mumbai,Cotton,Kharif,2025.68,25.1,Black,142.5,6.45,7.76,22.1
Latur,Cotton,Rabi,1200.49,29.5,Alluvial,238.7,6.11,9.02,18.96
Akola,Wheat,Rabi,982.9,25.6,Red,212.0,8.98,9.67,42.3
Satara,Rice,Kharif,1132.58,37.2,Alluvial,380.2,4.01,7.52,61.19
Satara,Wheat,Summer,1695.85,36.6,Laterite,347.8,6.42,2.37,52.94
Nanded,Soybean,Summer,1971.51,35.1,Laterite,158.2,4.73,6.03,23.86
Raigad,Sugarcane,Summer,1923.81,28.6,Alluvial,318.5,8.31,8.35,286.62
Amravati,Sugarcane,Kharif,2398.51,29.6,Laterite,397.4,9.13,7.19,292.23
Solapur,Wheat,Summer,506.85,20.3,Alluvial,96.4,5.83,9.73,41.84
Hingoli,Sugarcane,Kharif,2755.66,35.3,Red,398.8,5.15,8.54,192.43
Gadchiroli,Wheat,Summer,1802.94,29.0,Red,110.4,4.35,6.88,29.28
Raigad,Rice,Kharif,1506.72,33.0,Black,63.2,8.31,9.19,51.12
Dhule,Wheat,Summer,577.3,24.8,Alluvial,184.1,2.58,3.02,37.29
Raigad,Soybean,Rabi,614.92,26.6,Alluvial,54.3,2.73,1.57,29.15
Gadchiroli,Wheat,Rabi,2006.45,28.0,Black,326.2,9.64,5.43,49.27
Sindhudurg,Sugarcane,Rabi,2989.23,34.9,Black,61.2,6.49,3.54,206.36
Mumbai,Soybean,Summer,1501.91,29.7,Black,249.3,4.16,1.65,17.35
Jalgaon,Wheat,Kharif,1016.78,20.5,Black,176.1,8.59,1.71,48.17
Raigad,Soybean,Rabi,1471.73,31.7,Laterite,386.7,5.37,1.78,24.44
Hingoli,Wheat,Kharif,1366.63,36.5,Laterite,235.3,8.08,6.78,27.3
Gondia,Soybean,Summer,487.2,32.2,Black,61.8,1.86,6.67,29.33
Buldhana,Sugarcane,Rabi,1337.2,21.6,Laterite,342.9,7.0,5.7,283.12
Raigad,Rice,Rabi,1575.49,24.2,Laterite,316.0,7.51,3.25,39.21
Latur,Wheat,Rabi,1203.77,28.4,Red,270.2,7.92,7.37,46.99
Buldhana,Wheat,Rabi,2361.26,21.1,Laterite,120.8,8.94,0.72,26.39
Ratnagiri,Soybean,Kharif,1257.71,36.3,Laterite,339.7,7.53,2.8,25.71
Ahmednagar,Rice,Rabi,687.38,22.1,Alluvial,166.3,4.76,6.41,57.83
Sindhudurg,Soybean,Kharif,1429.71,28.3,Laterite,255.7,4.85,4.76,33.01
Nashik,Sugarcane,Summer,624.94,30.2,Black,111.2,8.64,6.08,245.94
Nashik,Soybean,Rabi,2355.71,36.7,Black,270.6,1.96,7.72,21.29
Latur,Wheat,Kharif,555.18,21.4,Red,324.5,7.24,1.86,30.05
Wardha,Sugarcane,Summer,2767.78,37.4,Alluvial,97.2,1.69,6.75,167.29
Washim,Rice,Rabi,2007.55,30.0,Laterite,339.9,1.37,7.38,21.96
Osmanabad,Soybean,Summer,1120.26,22.8,Laterite,365.6,6.97,0.5,32.08
Yavatmal,Cotton,Summer,1658.23,22.0,Red,326.2,1.86,3.69,16.24
Thane,Cotton,Rabi,1978.2,24.6,Laterite,192.4,1.72,1.59,11.5
Gondia,Soybean,Rabi,1277.1,27.3,Laterite,226.7,1.29,4.99,10.33
Nanded,Rice,Rabi,2354.61,28.9,Black,54.9,8.83,3.4,34.67
Nanded,Soybean,Rabi,1590.5,32.8,Laterite,252.8,1.05,1.09,19.4
Akola,Wheat,Rabi,1506.59,30.8,Red,379.9,8.06,4.87,28.2
Buldhana,Sugarcane,Summer,507.72,22.4,Laterite,252.2,6.21,0.68,224.23
Yavatmal,Cotton,Kharif,2091.38,33.5,Laterite,225.6,4.85,5.24,15.37
Osmanabad,Wheat,Rabi,964.36,36.7,Alluvial,85.6,9.61,6.03,42.46
Nanded,Sugarcane,Kharif,642.61,35.1,Red,198.5,1.76,6.59,270.89
Thane,Rice,Rabi,1046.17,34.5,Laterite,59.7,3.4,2.83,48.32
Parbhani,Cotton,Rabi,2624.51,33.2,Black,310.4,2.42,1.35,25.15
Aurangabad,Rice,Summer,655.59,32.9,Black,115.3,3.33,6.19,33.1
Washim,Sugarcane,Rabi,1912.8,26.0,Alluvial,204.1,8.95,3.57,253.55
Palghar,Rice,Kharif,1947.68,33.2,Red,321.3,3.18,7.8,31.37
Satara,Soybean,Summer,1048.24,36.4,Alluvial,236.0,4.88,1.15,20.34
Akola,Wheat,Rabi,1451.16,33.7,Red,181.1,3.54,8.17,22.73
Nashik,Cotton,Rabi,1660.48,37.4,Red,257.2,9.23,1.85,29.04
Nagpur,Rice,Rabi,969.26,20.2,Red,284.6,9.94,6.24,52.4
Wardha,Cotton,Rabi,2635.57,22.0,Laterite,55.6,1.45,8.89,14.15
Aurangabad,Sugarcane,Summer,1615.49,26.6,Laterite,142.9,5.54,6.82,242.09
Gadchiroli,Sugarcane,Summer,1414.82,35.1,Red,83.5,4.63,7.75,162.58
Sindhudurg,Wheat,Kharif,2500.8,37.5,Laterite,249.7,9.06,1.95,31.3
Palghar,Cotton,Kharif,2651.83,21.8,Black,91.5,3.2,7.68,21.44
Pune,Rice,Rabi,1365.1,26.8,Black,87.8,5.03,7.24,25.64
Aurangabad,Soybean,Kharif,1354.7,34.5,Red,148.9,8.22,9.47,17.13
Sindhudurg,Soybean,Rabi,2047.5,28.9,Black,275.0,3.24,1.15,29.57
Pune,Cotton,Summer,1933.04,35.9,Laterite,213.2,4.61,2.37,21.65
Hingoli,Cotton,Summer,2396.43,20.3,Black,324.5,7.58,8.52,27.35
Solapur,Cotton,Rabi,2215.35,37.7,Alluvial,118.9,2.76,4.18,29.11
Aurangabad,Wheat,Summer,2377.5,29.9,Red,375.5,5.01,9.27,38.1
Parbhani,Soybean,Summer,1104.37,20.4,Laterite,108.5,3.56,1.69,15.89
Chandrapur,Cotton,Rabi,2472.06,24.4,Laterite,352.8,6.52,9.88,37.4
Hingoli,Soybean,Kharif,2771.97,35.0,Red,183.9,1.2,3.72,21.52
Nanded,Cotton,Rabi,1850.74,26.1,Red,316.7,4.92,0.97,20.48
Washim,Rice,Rabi,1654.14,29.5,Alluvial,389.3,2.43,7.53,47.06
Nagpur,Cotton,Summer,1125.13,27.9,Red,81.3,3.38,4.66,13.13
Sindhudurg,Wheat,Rabi,671.48,20.1,Laterite,299.7,9.19,3.64,33.56
Akola,Soybean,Summer,2498.54,27.4,Alluvial,116.0,7.88,7.25,29.15
Amravati,Soybean,Rabi,1017.23,24.6,Laterite,77.3,7.57,8.27,19.46
Parbhani,Rice,Kharif,1775.79,29.6,Red,116.8,7.36,8.13,54.55
Aurangabad,Cotton,Rabi,2305.62,28.3,Alluvial,124.1,1.42,7.19,21.28
Dhule,Sugarcane,Rabi,2036.47,27.5,Red,177.7,6.19,5.07,207.63
Pune,Sugarcane,Summer,879.26,28.6,Red,305.3,1.12,2.29,252.24
Nanded,Rice,Summer,2476.43,24.9,Laterite,179.5,3.69,3.33,24.18
Buldhana,Sugarcane,Summer,531.77,30.1,Alluvial,116.2,3.42,0.76,257.49
Chandrapur,Wheat,Kharif,2420.64,27.3,Alluvial,218.3,1.02,0.57,26.49
Sindhudurg,Sugarcane,Summer,848.42,27.2,Laterite,292.2,2.78,3.23,271.72
Hingoli,Wheat,Kharif,827.96,22.8,Alluvial,305.0,4.42,3.03,19.29
Ahmednagar,Soybean,Rabi,2161.67,30.1,Alluvial,156.1,3.1,8.08,26.45
Buldhana,Wheat,Rabi,1454.93,37.3,Laterite,85.1,5.77,2.87,40.9
Beed,Rice,Summer,759.28,20.5,Black,97.3,1.73,6.95,41.02
Jalgaon,Soybean,Rabi,2657.95,29.6,Alluvial,247.7,9.65,8.73,19.9
Pune,Rice,Kharif,1428.58,32.6,Alluvial,249.2,1.39,4.72,52.19
Amravati,Wheat,Rabi,1206.65,20.3,Black,322.6,8.22,9.11,30.12
Mumbai,Sugarcane,Summer,454.31,22.6,Red,118.0,7.59,8.97,177.53
Satara,Sugarcane,Rabi,774.42,28.5,Red,399.9,7.51,8.05,238.53
Ahmednagar,Wheat,Rabi,1500.07,30.6,Red,122.4,6.31,0.65,21.83
Nashik,Soybean,Summer,539.83,25.2,Laterite,73.9,1.26,2.24,16.49
Sindhudurg,Soybean,Summer,1739.12,23.6,Laterite,186.6,6.48,8.6,23.74
Nanded,Wheat,Kharif,1675.94,36.8,Alluvial,117.2,4.3,4.95,21.32
Gondia,Wheat,Rabi,1557.39,37.7,Alluvial,53.2,3.01,7.56,29.7
Ahmednagar,Sugarcane,Kharif,2105.71,22.3,Red,106.9,9.88,6.21,172.67
Wardha,Cotton,Kharif,1090.47,37.8,Black,189.5,4.31,4.85,22.6
Osmanabad,Rice,Summer,2684.88,36.1,Laterite,343.3,2.48,7.83,57.8
Aurangabad,Rice,Kharif,2288.93,30.1,Alluvial,100.1,5.05,7.94,24.31
Gondia,Cotton,Rabi,1834.31,25.6,Black,288.3,3.43,4.21,25.38
Sangli,Wheat,Summer,2156.93,34.0,Laterite,390.8,9.61,3.99,19.51
Buldhana,Soybean,Kharif,969.71,25.1,Alluvial,104.9,2.93,2.3,17.4
Nagpur,Wheat,Kharif,2723.26,20.8,Black,278.4,2.94,8.49,29.89
Mumbai,Wheat,Rabi,1871.96,34.4,Laterite,318.5,7.85,8.05,39.2
Nanded,Sugarcane,Summer,2562.5,33.0,Red,79.8,4.66,0.75,273.56
Washim,Sugarcane,Kharif,2502.59,33.0,Laterite,357.4,1.08,8.54,179.66
Akola,Wheat,Rabi,1017.89,32.2,Black,353.3,2.81,2.8,47.32
Osmanabad,Cotton,Rabi,2060.08,36.4,Black,263.7,3.88,5.06,19.42
Nagpur,Rice,Kharif,422.65,22.1,Red,359.7,1.8,7.57,31.49
Chandrapur,Soybean,Rabi,831.59,26.4,Alluvial,336.5,3.15,6.74,19.27
Buldhana,Cotton,Kharif,987.05,37.2,Laterite,165.1,3.17,8.75,19.42
Sangli,Cotton,Summer,2895.36,26.2,Laterite,288.1,6.35,9.75,29.01
Kolhapur,Cotton,Summer,2297.27,36.0,Black,381.4,7.71,5.35,21.94
Ratnagiri,Wheat,Kharif,1461.49,30.4,Red,137.1,9.37,4.92,21.04
Aurangabad,Cotton,Kharif,2367.29,36.2,Laterite,67.2,3.58,9.11,14.64
Ahmednagar,Rice,Summer,2122.07,29.0,Black,263.6,1.18,9.58,55.37
Latur,Cotton,Summer,2164.86,35.8,Red,395.3,2.09,5.56,24.6
Parbhani,Cotton,Kharif,855.18,20.8,Black,273.5,3.12,0.78,16.61
Yavatmal,Cotton,Kharif,834.5,27.9,Laterite,206.0,6.92,8.55,31.45
Sindhudurg,Sugarcane,Rabi,2910.28,30.3,Alluvial,120.4,5.16,7.29,300.98
Jalgaon,Wheat,Summer,570.9,33.2,Red,311.0,9.89,6.74,53.08
Beed,Rice,Summer,1382.75,28.0,Laterite,331.6,8.08,1.24,50.19
Wardha,Sugarcane,Rabi,1432.89,37.5,Laterite,222.3,1.79,6.74,293.62
Dhule,Rice,Rabi,1363.94,26.0,Laterite,396.2,7.88,4.27,54.27
Thane,Sugarcane,Kharif,1057.12,23.0,Alluvial,101.5,2.25,9.01,209.81
Chandrapur,Cotton,Summer,1620.94,24.5,Black,196.8,7.27,4.98,17.97
Beed,Rice,Kharif,2594.36,31.3,Laterite,242.1,4.83,7.02,52.96
Aurangabad,Sugarcane,Kharif,2632.95,30.1,Black,144.2,6.16,3.85,232.97
Jalgaon,Rice,Kharif,467.63,34.0,Red,155.3,3.83,0.99,51.35
Yavatmal,Cotton,Rabi,1406.3,34.2,Laterite,139.9,1.09,2.82,28.1
Pune,Wheat,Rabi,1331.18,24.7,Black,396.2,7.4,1.2,54.58
Akola,Cotton,Summer,2278.69,29.9,Laterite,143.2,7.68,3.56,11.34
Beed,Cotton,Rabi,2940.84,30.5,Laterite,386.1,1.89,3.16,20.36
Yavatmal,Wheat,Rabi,2912.26,32.3,Red,370.5,3.8,1.04,36.19
Jalgaon,Rice,Rabi,1589.64,24.4,Black,292.4,7.41,2.16,62.18
Buldhana,Sugarcane,Kharif,2343.32,26.3,Laterite,177.4,8.58,8.7,241.08
Nashik,Cotton,Rabi,1050.87,25.0,Red,317.4,1.63,1.01,20.99
Ahmednagar,Cotton,Rabi,2036.59,34.4,Black,293.9,3.48,7.52,13.46
Nanded,Cotton,Kharif,1356.78,36.9,Alluvial,240.9,6.69,7.11,31.52
Latur,Soybean,Kharif,1598.01,29.5,Red,245.7,3.79,1.92,25.71
Chandrapur,Rice,Kharif,1600.13,25.1,Alluvial,81.8,4.77,9.11,29.55
Ahmednagar,Soybean,Rabi,640.08,32.4,Laterite,368.3,1.28,5.48,21.58
Wardha,Cotton,Summer,901.54,33.5,Black,372.4,5.31,6.38,22.14
Chandrapur,Sugarcane,Kharif,2827.72,36.9,Alluvial,215.1,1.31,7.68,178.37
Beed,Soybean,Summer,1250.16,27.7,Laterite,244.3,4.46,2.89,30.67
Chandrapur,Wheat,Rabi,651.14,33.7,Alluvial,54.7,4.72,0.59,20.74
Sangli,Cotton,Summer,1787.79,28.2,Red,302.7,6.53,1.26,19.39
Satara,Sugarcane,Rabi,2065.13,33.2,Red,235.0,8.66,1.02,234.54
Osmanabad,Soybean,Rabi,2394.07,20.9,Alluvial,213.0,2.71,4.52,14.4
Ahmednagar,Sugarcane,Summer,2977.75,36.5,Laterite,53.7,2.43,2.95,240.73
Nashik,Sugarcane,Rabi,2620.81,37.8,Black,237.1,9.85,7.9,197.62
Jalgaon,Wheat,Summer,1595.24,22.2,Red,209.6,6.32,6.17,34.83
Mumbai,Soybean,Summer,2818.73,22.7,Alluvial,123.7,4.67,8.73,22.48
Gadchiroli,Wheat,Summer,1634.93,26.9,Alluvial,131.4,3.12,8.6,38.69
Bhandara,Sugarcane,Summer,1328.41,36.7,Black,238.8,5.07,7.48,258.26
Osmanabad,Soybean,Kharif,1906.7,26.2,Alluvial,298.5,3.22,2.19,21.0
Palghar,Wheat,Kharif,2840.89,32.2,Black,286.5,6.11,6.62,53.27
Akola,Sugarcane,Kharif,1976.87,30.6,Black,346.1,4.27,9.14,292.53
Beed,Wheat,Rabi,2674.63,22.9,Black,82.8,8.6,8.12,51.13
Mumbai,Soybean,Rabi,1543.59,31.2,Red,321.1,2.75,6.4,14.18
Nashik,Sugarcane,Kharif,1593.26,35.1,Red,162.1,1.55,4.53,198.01
Dhule,Cotton,Summer,2775.23,34.9,Laterite,275.6,5.79,3.34,32.2
Nanded,Sugarcane,Summer,1486.25,22.7,Red,76.6,8.58,1.18,242.94
Raigad,Rice,Summer,2002.32,29.2,Black,62.4,2.2,5.12,31.74
Palghar,Cotton,Rabi,2430.94,20.6,Black,393.3,2.18,4.54,27.69
Parbhani,Sugarcane,Rabi,2717.07,21.7,Alluvial,64.0,9.09,3.5,253.61
Palghar,Rice,Summer,2236.0,32.3,Black,180.7,6.62,8.08,29.36
Beed,Sugarcane,Kharif,491.39,28.0,Alluvial,213.9,3.28,0.69,278.2
Pune,Cotton,Rabi,925.7,20.1,Laterite,354.4,9.38,9.33,36.75
Wardha,Cotton,Kharif,2338.66,37.2,Laterite,354.4,6.2,8.98,25.63
Kolhapur,Rice,Rabi,1257.73,27.0,Alluvial,281.6,5.02,6.53,40.51
Gadchiroli,Soybean,Summer,2261.56,21.5,Laterite,233.3,8.5,5.77,26.4
Satara,Cotton,Kharif,2629.26,24.7,Laterite,271.6,1.56,7.85,26.12
Satara,Sugarcane,Summer,1716.39,25.1,Black,275.6,3.7,4.32,297.92
Parbhani,Soybean,Kharif,2135.84,37.4,Red,356.9,7.78,6.45,25.94
Sindhudurg,Rice,Kharif,827.22,25.2,Laterite,216.5,3.63,2.01,37.24
Satara,Wheat,Summer,622.43,37.1,Red,119.6,5.59,3.58,43.94
Satara,Rice,Kharif,726.64,36.9,Alluvial,345.4,8.28,7.85,54.05
Gadchiroli,Sugarcane,Summer,2392.51,25.5,Black,254.3,6.17,5.09,217.89
Yavatmal,Rice,Kharif,1896.42,27.9,Alluvial,110.7,1.09,6.5,46.63
Pune,Sugarcane,Kharif,1118.5,23.7,Black,146.4,9.96,8.33,278.65
Bhandara,Rice,Rabi,1999.75,33.5,Alluvial,317.7,4.52,9.64,48.58
Parbhani,Wheat,Rabi,1715.38,31.3,Black,383.8,4.05,6.55,49.6
Gadchiroli,Rice,Rabi,2550.85,37.9,Black,256.6,1.71,8.12,33.97
Gadchiroli,Sugarcane,Kharif,1556.89,21.2,Red,310.4,9.99,1.24,271.7
Kolhapur,Rice,Summer,558.09,36.9,Laterite,251.2,9.04,6.43,55.43
Nanded,Cotton,Kharif,2597.5,38.0,Alluvial,168.1,9.09,7.96,25.5
Jalgaon,Soybean,Rabi,2228.11,29.8,Laterite,335.5,3.31,5.03,25.47
Mumbai,Wheat,Summer,2477.7,36.2,Alluvial,164.7,2.66,2.07,34.03
Hingoli,Cotton,Rabi,448.65,25.8,Alluvial,249.5,5.3,7.76,29.19
Latur,Cotton,Summer,2040.06,26.7,Laterite,344.6,8.72,5.83,29.99
Pune,Rice,Rabi,2050.19,25.2,Alluvial,194.9,4.59,5.06,55.32
Amravati,Sugarcane,Summer,2409.48,26.4,Laterite,74.7,7.7,8.39,215.91
Solapur,Wheat,Summer,683.63,30.2,Laterite,124.5,6.68,2.94,52.61
Dhule,Wheat,Rabi,987.95,32.0,Laterite,113.2,2.58,8.66,25.51
Gadchiroli,Sugarcane,Summer,1709.6,31.3,Alluvial,146.1,6.17,7.06,237.51
Satara,Sugarcane,Rabi,2456.5,21.7,Black,187.9,2.79,2.55,167.81
Solapur,Wheat,Rabi,1918.51,34.7,Red,215.2,9.49,5.23,16.0
Bhandara,Sugarcane,Kharif,2890.79,37.3,Black,199.8,6.31,5.84,194.67
Hingoli,Soybean,Rabi,1203.6,25.4,Laterite,113.9,3.19,1.32,24.21
Nagpur,Wheat,Rabi,2085.45,26.3,Alluvial,361.7,6.72,6.02,57.76
Mumbai,Wheat,Rabi,751.98,37.2,Black,158.2,4.77,4.14,44.56
Nagpur,Rice,Kharif,735.13,32.4,Black,144.3,6.71,5.99,49.24
Kolhapur,Wheat,Kharif,1284.92,26.5,Black,235.2,9.0,1.54,41.4
Palghar,Cotton,Rabi,2585.47,30.0,Laterite,106.1,2.38,0.9,23.73
Jalgaon,Wheat,Kharif,2041.67,36.9,Black,341.1,3.68,7.31,48.92
Ratnagiri,Wheat,Kharif,2057.86,25.1,Alluvial,273.5,3.31,2.08,22.56
Chandrapur,Cotton,Rabi,1976.73,22.4,Red,118.7,4.81,8.61,18.41
Gondia,Cotton,Rabi,1027.38,27.5,Black,369.3,3.14,3.55,23.34
Jalgaon,Rice,Summer,2125.23,35.8,Alluvial,382.7,3.93,2.49,36.49
Ratnagiri,Sugarcane,Kharif,2477.4,25.8,Alluvial,250.8,3.97,5.92,289.41
Nanded,Sugarcane,Kharif,2973.57,37.9,Red,185.7,4.33,7.2,294.19
Sindhudurg,Sugarcane,Kharif,655.91,31.0,Red,390.6,2.15,4.52,211.69
Gadchiroli,Soybean,Summer,2838.02,33.2,Red,92.3,7.89,7.0,21.91
Solapur,Soybean,Summer,1582.86,21.2,Laterite,318.4,3.01,6.19,25.05
Osmanabad,Wheat,Summer,961.82,27.8,Red,272.1,7.35,6.99,24.5
Satara,Rice,Summer,1000.2,25.2,Red,184.2,5.76,7.03,50.01
Parbhani,Soybean,Summer,2748.48,20.4,Black,239.4,6.55,6.07,24.31
Aurangabad,Cotton,Summer,2723.65,30.6,Red,197.6,3.98,2.82,19.36
Osmanabad,Rice,Summer,1086.62,31.0,Black,162.0,1.28,0.58,18.75
Mumbai,Soybean,Kharif,1612.0,20.9,Laterite,287.0,6.4,7.51,13.25
Chandrapur,Soybean,Kharif,2090.83,23.9,Alluvial,344.8,5.87,3.71,24.65
Kolhapur,Sugarcane,Summer,2660.06,28.2,Black,128.3,7.97,3.0,193.17
Thane,Soybean,Kharif,653.96,25.8,Laterite,161.6,4.01,6.98,25.91
Ahmednagar,Wheat,Rabi,565.47,24.6,Black,231.2,3.75,1.27,52.11
Gadchiroli,Soybean,Kharif,1987.29,31.6,Laterite,310.6,5.92,3.48,17.34
Dhule,Wheat,Rabi,439.39,30.6,Red,249.0,8.76,3.16,46.33
Nanded,Soybean,Rabi,2677.21,27.2,Black,190.9,2.0,5.74,20.38
Solapur,Rice,Kharif,2221.81,32.6,Black,239.0,5.35,1.56,61.01
Kolhapur,Sugarcane,Rabi,2130.16,28.3,Alluvial,354.9,2.06,7.11,248.1
Yavatmal,Cotton,Kharif,993.63,37.5,Alluvial,50.7,8.56,8.96,11.12
Sindhudurg,Rice,Kharif,1605.29,28.5,Alluvial,216.2,9.8,2.68,21.53
Ahmednagar,Cotton,Kharif,2603.27,20.2,Black,172.4,6.9,1.11,32.88
Bhandara,Cotton,Summer,630.88,32.6,Laterite,84.0,4.19,4.01,18.94
Palghar,Cotton,Summer,2997.08,31.3,Red,62.8,4.22,7.86,23.53
Kolhapur,Rice,Summer,615.99,31.6,Laterite,285.1,3.0,2.05,59.61
Latur,Wheat,Kharif,2292.86,33.2,Alluvial,205.9,7.0,1.25,34.97
Aurangabad,Rice,Rabi,1870.89,29.5,Red,196.1,5.91,0.68,37.25
Parbhani,Sugarcane,Summer,829.81,37.2,Laterite,81.9,2.93,3.66,272.56
Sangli,Sugarcane,Kharif,855.93,29.6,Laterite,200.0,8.28,4.74,285.44
Mumbai,Cotton,Kharif,1758.83,32.2,Alluvial,250.4,3.36,3.14,27.9
Jalgaon,Sugarcane,Summer,1785.84,29.8,Laterite,52.7,4.99,6.75,188.48
Latur,Cotton,Rabi,2288.34,33.9,Alluvial,337.4,8.01,6.83,30.31
Mumbai,Wheat,Summer,2661.45,22.5,Laterite,253.3,7.97,6.48,47.49
Ahmednagar,Cotton,Rabi,1529.04,26.1,Black,220.1,1.19,5.89,22.31
Raigad,Soybean,Rabi,2405.58,36.3,Red,143.1,6.28,8.8,31.32
Ratnagiri,Soybean,Rabi,756.18,28.3,Alluvial,206.3,9.95,6.45,21.53
Wardha,Sugarcane,Kharif,2272.08,34.6,Red,302.5,5.0,6.1,216.51
Palghar,Soybean,Summer,1727.76,36.4,Black,338.7,8.16,4.15,19.4
Raigad,Wheat,Kharif,2622.75,28.7,Red,205.8,3.7,8.59,35.03
Buldhana,Sugarcane,Rabi,2562.89,25.7,Black,286.8,4.85,6.97,220.74
Akola,Sugarcane,Summer,2829.28,37.4,Black,315.6,7.05,8.86,268.65
Washim,Soybean,Kharif,2436.66,34.8,Laterite,277.0,6.23,2.15,24.82
Sindhudurg,Rice,Summer,1562.31,35.5,Laterite,251.4,1.82,1.79,39.36
Bhandara,Sugarcane,Summer,2335.53,27.7,Black,124.5,4.33,9.38,202.92
Raigad,Rice,Summer,528.8,37.4,Black,302.4,9.52,5.43,20.9
Latur,Wheat,Rabi,2854.43,22.3,Red,255.2,5.99,6.71,40.18
Nashik,Rice,Kharif,1532.89,32.1,Black,116.6,3.27,5.77,42.48
Sindhudurg,Wheat,Summer,2182.16,34.5,Alluvial,91.6,7.98,0.96,41.25
Satara,Soybean,Kharif,1253.43,37.3,Alluvial,209.7,3.47,3.46,26.67
Mumbai,Cotton,Rabi,1834.68,31.0,Red,326.3,7.26,5.87,14.86
Gadchiroli,Rice,Kharif,1639.47,20.1,Red,338.1,8.47,8.52,67.87
Buldhana,Soybean,Rabi,2222.1,26.9,Black,175.8,5.34,1.24,22.17
Pune,Rice,Summer,2344.45,22.6,Red,386.0,8.89,6.63,38.58
Washim,Rice,Rabi,1844.22,21.4,Black,371.9,6.43,4.41,33.38
Wardha,Sugarcane,Kharif,900.0,20.1,Black,238.6,6.1,7.52,304.97
Bhandara,Soybean,Rabi,1482.32,27.4,Laterite,228.5,2.18,8.34,27.38
Chandrapur,Rice,Summer,1049.47,21.4,Alluvial,247.3,8.02,7.79,53.62
Mumbai,Wheat,Summer,2499.38,25.5,Black,333.9,7.22,6.28,46.49
Nashik,Sugarcane,Rabi,575.67,34.0,Laterite,358.7,6.7,4.42,264.6
Nanded,Soybean,Summer,1447.94,27.0,Laterite,251.0,6.61,5.26,21.53
Beed,Sugarcane,Summer,661.71,23.4,Alluvial,323.8,8.06,3.57,267.18
Mumbai,Cotton,Rabi,1011.12,24.4,Red,343.8,1.35,1.45,19.71
Nashik,Rice,Rabi,719.22,27.1,Red,274.8,5.45,8.18,36.35
Ahmednagar,Wheat,Summer,2887.33,31.6,Black,357.5,4.3,9.02,24.63
Sindhudurg,Cotton,Summer,2309.53,30.5,Red,119.5,9.54,8.87,25.2
Akola,Cotton,Summer,2118.12,23.4,Laterite,207.8,1.57,3.66,20.98
Bhandara,Sugarcane,Rabi,2421.17,28.9,Red,340.2,6.95,1.06,182.33
Raigad,Soybean,Rabi,2027.07,34.1,Alluvial,94.8,3.59,2.77,21.16
Palghar,Sugarcane,Summer,720.99,27.1,Alluvial,194.6,5.63,4.94,178.56
Hingoli,Sugarcane,Summer,475.55,35.5,Black,306.1,3.28,4.05,305.53
Ahmednagar,Rice,Rabi,2307.78,26.9,Black,257.2,1.6,4.64,37.61
Osmanabad,Wheat,Summer,1937.69,27.6,Laterite,209.3,8.19,2.22,47.87
Gondia,Rice,Rabi,1486.92,24.5,Alluvial,118.9,1.58,7.84,36.12
Mumbai,Rice,Summer,1493.68,27.9,Red,320.1,3.58,1.58,37.84
Sindhudurg,Soybean,Summer,2310.66,20.0,Laterite,172.1,8.52,6.42,23.27
Sangli,Wheat,Kharif,580.48,22.4,Alluvial,222.3,7.97,5.63,31.94
Latur,Rice,Kharif,879.32,34.8,Red,359.1,5.1,6.77,40.41
Parbhani,Sugarcane,Summer,634.21,36.9,Red,69.9,4.72,6.16,217.75
Wardha,Rice,Summer,1038.19,31.3,Red,159.5,3.69,0.83,46.94
Nagpur,Rice,Rabi,2435.16,27.7,Red,213.8,6.4,6.44,29.02
Kolhapur,Soybean,Summer,1968.37,23.2,Alluvial,398.7,8.12,7.72,22.37
Osmanabad,Sugarcane,Summer,1477.52,20.1,Red,244.1,1.16,8.14,242.46
Gadchiroli,Sugarcane,Rabi,2404.51,37.6,Black,336.2,9.58,6.47,209.98
Latur,Wheat,Summer,999.51,32.6,Black,365.5,3.11,8.91,42.33
Parbhani,Rice,Rabi,2290.22,23.4,Laterite,292.7,2.11,2.19,45.84
Buldhana,Wheat,Summer,929.15,35.4,Laterite,192.2,3.39,1.16,49.9
Sindhudurg,Soybean,Kharif,704.9,30.7,Black,387.0,1.16,4.79,19.26
Dhule,Soybean,Kharif,1604.39,29.4,Black,87.7,2.2,3.57,11.85
Sindhudurg,Soybean,Summer,1516.53,37.6,Black,151.1,6.89,9.82,17.93
Nashik,Wheat,Summer,2261.54,28.9,Alluvial,84.8,9.94,3.02,30.89
Gondia,Wheat,Rabi,1698.89,26.9,Red,73.1,6.66,2.91,27.76
Jalgaon,Wheat,Kharif,1845.71,21.3,Laterite,263.9,7.85,5.82,31.97
Jalgaon,Soybean,Summer,2198.17,37.7,Red,247.5,9.21,1.41,27.99
Satara,Soybean,Kharif,593.71,33.1,Laterite,267.0,3.01,6.33,20.96
Mumbai,Wheat,Summer,1109.83,28.9,Red,242.9,1.58,9.71,36.04
Parbhani,Wheat,Summer,1359.94,34.2,Red,250.3,4.39,6.33,18.46
Akola,Rice,Summer,1547.55,31.9,Red,346.1,3.93,8.17,51.2
Latur,Sugarcane,Kharif,2008.09,24.1,Black,357.8,6.92,1.58,308.59
Beed,Cotton,Rabi,1280.69,21.3,Black,107.7,1.19,5.88,10.96
Dhule,Cotton,Rabi,1523.35,31.9,Black,279.6,7.84,8.24,28.15
Gondia,Rice,Summer,2577.75,37.4,Laterite,116.7,3.74,9.81,26.81
Buldhana,Sugarcane,Kharif,539.27,33.1,Laterite,291.5,5.25,1.36,277.58
Yavatmal,Sugarcane,Kharif,2387.54,23.7,Red,219.2,8.44,2.71,156.34
Sangli,Wheat,Rabi,981.84,24.0,Alluvial,128.2,8.37,2.34,27.78
Solapur,Cotton,Summer,1245.46,22.6,Black,389.4,1.29,4.89,18.11
Ahmednagar,Sugarcane,Rabi,1361.09,34.4,Laterite,225.6,2.38,7.39,266.69
Nagpur,Cotton,Rabi,633.09,23.1,Laterite,363.3,4.31,3.44,19.42
Osmanabad,Soybean,Summer,2821.09,24.1,Alluvial,373.4,4.43,2.81,20.84
Washim,Sugarcane,Rabi,576.52,20.2,Laterite,250.0,3.65,3.73,238.6
Chandrapur,Rice,Kharif,1262.58,37.8,Alluvial,191.3,2.03,5.37,41.12
Bhandara,Wheat,Kharif,642.01,26.4,Laterite,366.7,8.83,4.16,51.54
Nashik,Rice,Rabi,1391.75,29.9,Laterite,223.2,7.17,1.17,34.59
Wardha,Sugarcane,Summer,1306.13,33.4,Black,174.2,5.95,8.12,161.31
Buldhana,Cotton,Kharif,1085.3,26.4,Black,293.3,7.71,1.78,36.46
Gadchiroli,Sugarcane,Summer,416.65,26.5,Laterite,205.9,8.29,8.93,273.35
Kolhapur,Wheat,Summer,1237.06,33.3,Red,194.3,4.51,9.97,43.45
Akola,Sugarcane,Rabi,681.98,30.2,Laterite,206.3,1.28,9.99,181.1
Palghar,Cotton,Summer,834.45,24.6,Alluvial,289.6,2.64,3.82,13.42
Palghar,Sugarcane,Kharif,1584.0,34.0,Alluvial,155.3,4.43,8.57,174.3
Jalgaon,Soybean,Summer,1983.82,35.7,Black,249.7,3.11,6.06,20.14
Sangli,Rice,Kharif,747.79,34.6,Black,280.7,7.08,7.09,34.98
Washim,Sugarcane,Kharif,739.86,26.4,Black,288.7,1.52,1.22,172.27
Aurangabad,Rice,Rabi,744.79,28.0,Laterite,57.1,5.18,4.08,25.87
Bhandara,Wheat,Kharif,2984.35,30.1,Red,358.8,5.17,5.01,51.61
Osmanabad,Sugarcane,Rabi,1147.52,20.0,Black,361.8,9.07,3.23,250.11
Buldhana,Soybean,Kharif,2866.25,36.1,Laterite,210.3,5.46,3.09,16.78
Thane,Soybean,Kharif,1649.52,36.0,Black,395.0,2.96,1.74,21.89
Amravati,Soybean,Kharif,1280.51,32.2,Alluvial,375.8,3.91,4.86,32.74
Nashik,Wheat,Summer,943.34,28.9,Alluvial,105.4,6.2,4.69,26.68
Aurangabad,Soybean,Rabi,421.47,37.1,Alluvial,75.2,7.72,7.9,9.86
Nashik,Soybean,Kharif,1519.24,27.7,Black,130.1,1.79,7.47,17.16
Thane,Soybean,Kharif,1531.61,31.2,Red,291.1,1.54,8.23,31.73
Beed,Wheat,Rabi,1815.55,28.0,Black,325.0,6.2,6.96,41.71
Bhandara,Soybean,Summer,2001.0,29.9,Alluvial,58.9,6.53,3.9,13.44
Akola,Sugarcane,Kharif,564.87,33.9,Black,337.3,1.18,4.94,180.1
Mumbai,Rice,Summer,627.67,36.2,Black,157.7,4.38,9.38,43.86
Hingoli,Wheat,Summer,2594.33,20.5,Alluvial,63.4,7.51,9.68,24.71
Raigad,Cotton,Rabi,1965.11,36.3,Laterite,315.5,8.16,8.23,12.32
Hingoli,Sugarcane,Summer,2472.46,26.2,Black,157.3,3.72,9.3,242.39
Sindhudurg,Wheat,Summer,2977.91,37.6,Alluvial,105.0,4.58,5.16,39.52
Satara,Cotton,Summer,1972.89,22.4,Red,218.2,6.22,9.99,32.35
Gondia,Cotton,Kharif,1310.22,32.5,Black,127.6,5.2,8.89,13.44
Chandrapur,Cotton,Rabi,628.19,34.0,Red,275.3,4.8,9.55,18.54
Thane,Cotton,Rabi,1749.87,23.6,Black,69.7,5.72,6.99,11.96
Ahmednagar,Wheat,Rabi,2653.17,21.3,Laterite,260.2,4.04,0.88,51.02
Hingoli,Rice,Rabi,1071.51,33.5,Alluvial,333.7,5.09,9.25,21.18
Dhule,Sugarcane,Summer,1307.1,28.5,Black,300.2,4.69,5.3,264.78
Pune,Soybean,Rabi,450.65,20.5,Laterite,177.2,4.56,2.82,20.28
Chandrapur,Rice,Kharif,806.39,29.5,Black,380.5,3.61,5.27,29.9
Mumbai,Soybean,Rabi,2319.5,25.8,Black,232.1,6.71,6.79,12.23
Chandrapur,Sugarcane,Rabi,1404.28,36.5,Alluvial,74.3,2.56,9.0,161.97
Gadchiroli,Cotton,Rabi,1523.5,33.2,Red,270.8,1.14,6.19,22.78
Parbhani,Rice,Summer,2989.94,32.6,Black,188.9,8.04,3.49,38.96
Sangli,Rice,Kharif,913.65,35.4,Red,198.0,6.05,3.37,39.78
Pune,Wheat,Kharif,947.33,29.8,Black,328.5,3.31,3.65,52.28
Sangli,Rice,Rabi,634.52,30.7,Alluvial,365.1,3.07,9.17,31.56
Ratnagiri,Cotton,Rabi,1992.67,24.5,Alluvial,281.3,6.27,3.86,11.06
Ahmednagar,Cotton,Kharif,1460.98,29.5,Alluvial,157.8,5.09,9.06,26.9
Bhandara,Sugarcane,Kharif,1923.14,22.4,Red,390.3,3.54,6.78,214.73
Thane,Soybean,Kharif,2006.18,35.4,Alluvial,127.8,3.82,3.64,17.02
Bhandara,Rice,Summer,2288.35,33.7,Alluvial,335.4,5.83,5.32,29.21
Solapur,Soybean,Rabi,1301.38,35.0,Red,282.2,3.92,5.91,20.62
Washim,Wheat,Summer,2164.32,36.3,Red,149.4,1.94,8.06,26.56
Dhule,Cotton,Rabi,1042.09,24.2,Black,394.1,6.24,4.93,13.04
Nashik,Sugarcane,Kharif,2304.84,34.3,Laterite,278.7,7.69,1.18,250.91
Sindhudurg,Soybean,Kharif,1579.78,26.4,Laterite,283.4,9.77,7.3,17.14
Dhule,Rice,Rabi,1667.1,31.3,Red,156.0,2.84,9.41,36.25
Kolhapur,Wheat,Summer,2837.32,33.8,Alluvial,347.0,8.14,7.68,27.4
Parbhani,Cotton,Kharif,2544.83,23.8,Alluvial,92.8,7.26,7.16,19.97
Latur,Cotton,Kharif,2284.69,27.8,Black,346.3,1.78,2.81,22.77
Buldhana,Wheat,Kharif,1130.1,31.8,Laterite,72.6,9.04,8.17,38.43
Akola,Sugarcane,Kharif,1810.19,34.5,Alluvial,132.7,9.32,1.36,219.15
Mumbai,Cotton,Rabi,2146.31,32.0,Black,257.8,5.75,6.7,15.58
Washim,Rice,Kharif,2616.52,25.0,Red,56.6,9.18,3.63,43.38
Sindhudurg,Cotton,Rabi,1423.85,33.5,Alluvial,81.4,2.71,8.55,23.14
Sangli,Wheat,Kharif,1847.97,25.2,Black,317.6,3.81,9.06,49.0
Chandrapur,Sugarcane,Rabi,2877.25,26.9,Alluvial,243.8,4.28,7.93,258.65
Nashik,Cotton,Summer,1985.8,37.5,Red,206.7,2.19,9.77,26.48
Latur,Soybean,Rabi,2055.83,20.7,Red,236.8,4.85,6.31,12.47
Satara,Sugarcane,Summer,583.17,37.9,Laterite,159.7,6.17,3.75,170.89
Nagpur,Cotton,Summer,1746.16,22.7,Black,79.6,3.86,9.47,29.01
Ratnagiri,Soybean,Kharif,537.72,30.6,Black,352.9,9.8,3.24,32.03
Solapur,Rice,Rabi,1099.23,35.0,Black,278.0,5.28,3.42,31.9
Satara,Sugarcane,Summer,1145.72,34.5,Alluvial,350.2,4.86,2.83,241.23
Beed,Rice,Kharif,1594.58,34.5,Alluvial,109.7,9.65,4.86,60.46
Satara,Sugarcane,Rabi,2939.54,24.7,Alluvial,315.0,7.91,6.47,237.35
Pune,Wheat,Summer,2163.36,34.4,Laterite,316.8,9.07,5.5,49.29
Pune,Cotton,Summer,2265.5,20.8,Red,377.0,8.81,5.84,29.5
Aurangabad,Sugarcane,Summer,1337.46,29.7,Black,342.0,1.3,1.82,206.75
Nanded,Sugarcane,Rabi,2862.26,37.1,Black,293.9,3.71,5.72,280.65
Raigad,Cotton,Rabi,2135.87,21.0,Alluvial,168.0,9.58,1.09,34.19
Nashik,Sugarcane,Kharif,1357.13,25.4,Laterite,296.8,9.31,3.21,229.27
Gondia,Wheat,Kharif,1347.04,24.8,Red,97.8,2.13,2.94,34.74
Sindhudurg,Sugarcane,Rabi,1426.16,31.4,Laterite,281.5,2.49,7.4,230.6
Gadchiroli,Rice,Summer,1416.22,25.5,Black,250.6,3.68,8.49,50.47
Satara,Rice,Rabi,1900.45,22.9,Laterite,64.3,5.5,5.9,25.99
Akola,Rice,Summer,903.73,32.8,Red,197.3,9.73,3.23,47.06
Mumbai,Wheat,Kharif,2789.19,37.6,Alluvial,60.8,3.99,9.89,48.43
Solapur,Soybean,Rabi,2268.89,31.4,Black,333.6,8.24,9.94,25.71
Pune,Cotton,Kharif,1458.25,26.4,Laterite,96.5,9.56,8.39,26.25
Raigad,Wheat,Kharif,1923.92,23.6,Alluvial,92.6,7.52,0.72,45.15
Osmanabad,Wheat,Summer,758.11,35.7,Laterite,339.3,7.02,8.0,24.34
Amravati,Soybean,Rabi,2487.51,20.5,Red,249.2,8.82,1.78,18.74
Beed,Rice,Kharif,1631.82,33.1,Black,396.5,8.95,9.85,52.7
Ratnagiri,Wheat,Rabi,1972.61,20.7,Black,328.0,1.08,0.65,43.76
Nagpur,Wheat,Summer,1606.54,22.6,Laterite,92.8,8.18,9.79,29.5
Chandrapur,Wheat,Summer,822.51,21.7,Alluvial,148.9,3.57,9.29,41.73
Buldhana,Soybean,Summer,1702.38,28.2,Alluvial,346.2,7.81,8.38,29.03
Amravati,Wheat,Summer,1630.66,21.2,Laterite,330.0,1.64,7.63,50.54
Aurangabad,Rice,Kharif,1886.99,32.1,Alluvial,328.6,4.6,4.59,56.52
Amravati,Soybean,Summer,2362.01,23.2,Black,188.1,8.05,7.03,24.37
Gondia,Soybean,Summer,2136.45,33.4,Black,297.4,2.31,8.22,14.72
Palghar,Sugarcane,Rabi,2678.7,24.1,Red,56.2,4.07,7.68,196.12
Beed,Sugarcane,Rabi,1674.07,23.4,Laterite,272.6,5.62,4.35,264.17
Beed,Cotton,Summer,1187.13,36.3,Alluvial,65.6,8.89,9.4,20.75
Nanded,Rice,Summer,664.91,24.8,Black,176.9,1.13,5.38,29.7
Parbhani,Soybean,Kharif,2251.12,33.4,Black,210.2,6.0,3.41,16.66
Chandrapur,Rice,Summer,1171.9,29.9,Alluvial,166.3,3.36,6.23,37.32
Bhandara,Cotton,Rabi,2613.25,26.2,Laterite,104.0,2.36,6.37,32.79
Sindhudurg,Sugarcane,Kharif,968.92,30.0,Black,220.7,7.76,3.77,228.05
Ahmednagar,Cotton,Summer,1203.98,35.8,Black,285.1,9.12,7.88,28.83
Jalgaon,Cotton,Kharif,1575.59,37.8,Red,236.4,5.85,6.34,26.57
Washim,Rice,Summer,1535.41,37.4,Black,131.7,5.38,9.2,55.38
Solapur,Soybean,Summer,849.48,32.7,Red,347.2,7.84,5.66,18.74
Beed,Rice,Rabi,1527.64,20.0,Laterite,309.6,8.98,7.12,34.08
Kolhapur,Soybean,Kharif,1719.5,34.7,Alluvial,265.3,5.2,3.42,21.05
Sangli,Wheat,Summer,912.65,34.9,Red,327.7,1.9,9.35,28.74
Akola,Wheat,Rabi,2109.63,33.1,Red,123.5,6.14,0.55,48.21
Amravati,Rice,Rabi,2324.28,23.5,Red,289.3,6.91,3.67,41.2
Washim,Wheat,Rabi,2135.47,29.3,Alluvial,219.3,5.76,8.85,39.11
Ratnagiri,Wheat,Kharif,1920.8,20.7,Laterite,53.0,2.57,4.77,50.61
Ahmednagar,Wheat,Summer,1311.52,28.0,Red,289.7,4.19,3.88,25.03
Amravati,Soybean,Rabi,1889.21,29.8,Red,377.7,7.08,0.62,25.9
Gondia,Rice,Rabi,2567.75,25.0,Red,69.7,6.82,1.27,52.87
Nanded,Soybean,Summer,1693.67,20.2,Laterite,247.2,5.96,2.55,30.91
Gadchiroli,Cotton,Rabi,1015.6,32.2,Alluvial,289.7,7.76,6.58,26.1
Sangli,Sugarcane,Kharif,1762.39,33.4,Alluvial,193.0,6.18,8.3,276.22
Hingoli,Rice,Summer,703.66,22.6,Laterite,328.5,2.23,2.18,50.34
Nanded,Cotton,Summer,1639.29,23.7,Alluvial,183.8,8.67,8.13,31.45
Amravati,Rice,Rabi,1071.01,33.2,Laterite,303.3,3.92,2.74,55.67
Beed,Sugarcane,Summer,2468.82,34.2,Red,87.8,2.58,4.72,277.58
Beed,Wheat,Rabi,650.55,21.9,Laterite,236.1,5.16,6.45,17.01
Buldhana,Sugarcane,Kharif,843.61,32.2,Alluvial,291.0,2.98,9.49,257.87
Latur,Soybean,Summer,2477.54,23.0,Black,341.8,3.24,8.16,21.72
Dhule,Wheat,Kharif,2561.34,33.2,Black,333.6,7.44,1.5,56.85
Nagpur,Wheat,Summer,2938.93,33.6,Alluvial,260.2,2.22,1.89,34.36
Mumbai,Rice,Rabi,1925.3,33.1,Black,135.5,4.96,8.84,53.68
Aurangabad,Rice,Rabi,2621.78,21.0,Alluvial,308.8,5.73,1.38,69.81
Thane,Sugarcane,Kharif,2916.4,20.5,Laterite,296.8,4.58,1.5,206.55
Parbhani,Rice,Kharif,1920.54,35.7,Black,242.9,3.96,8.43,24.79
Pune,Rice,Summer,670.97,25.4,Black,245.3,5.28,6.8,58.5
Solapur,Soybean,Summer,2249.43,31.2,Alluvial,161.2,9.32,6.0,19.28
Mumbai,Rice,Summer,1016.41,29.4,Red,266.0,7.5,3.76,43.08
Latur,Soybean,Kharif,1758.58,24.6,Alluvial,258.6,7.94,3.54,23.08
Raigad,Rice,Summer,2173.06,28.5,Laterite,346.1,9.74,7.13,61.02
Ratnagiri,Sugarcane,Summer,2687.58,27.5,Laterite,247.7,3.63,0.55,226.24
Raigad,Rice,Summer,1525.88,36.0,Red,354.5,8.99,4.8,48.6
Mumbai,Soybean,Kharif,2634.2,35.3,Laterite,240.6,5.82,6.28,26.89
Palghar,Sugarcane,Rabi,1796.38,23.3,Alluvial,358.9,4.26,5.67,269.69
Latur,Sugarcane,Summer,2769.35,36.2,Laterite,139.0,3.78,4.09,183.43
Buldhana,Cotton,Summer,2153.47,21.2,Black,218.0,1.17,4.43,21.15
Kolhapur,Sugarcane,Kharif,1384.79,25.4,Alluvial,245.7,1.13,8.6,222.34
Yavatmal,Soybean,Kharif,2509.0,36.3,Alluvial,344.9,6.55,2.65,23.51
Hingoli,Soybean,Summer,1443.83,29.4,Black,256.6,9.0,9.0,24.95
Chandrapur,Soybean,Summer,2075.32,37.5,Red,317.2,5.83,5.9,21.03
Gondia,Cotton,Kharif,1830.88,30.8,Laterite,399.3,2.13,4.21,18.92
Bhandara,Wheat,Summer,1008.54,26.8,Laterite,364.6,7.33,2.48,51.45
Gondia,Cotton,Summer,2487.04,23.3,Alluvial,377.1,9.12,6.83,30.35
Gadchiroli,Cotton,Rabi,1916.56,28.0,Red,335.3,5.86,5.04,27.96
Bhandara,Wheat,Summer,1401.84,23.9,Laterite,102.5,1.76,0.91,40.44
Akola,Sugarcane,Rabi,1538.46,29.2,Red,118.6,1.06,3.68,262.62
Raigad,Wheat,Rabi,1902.36,22.1,Black,103.2,8.5,2.05,19.12
Parbhani,Soybean,Kharif,862.48,21.8,Alluvial,291.1,9.71,4.43,12.24
Kolhapur,Soybean,Rabi,1135.26,28.7,Alluvial,226.3,1.4,9.0,31.08
Osmanabad,Cotton,Rabi,1499.98,20.2,Black,229.0,7.69,5.42,36.52
Nagpur,Wheat,Kharif,1032.32,22.2,Black,249.2,7.57,5.43,38.44
Sangli,Wheat,Kharif,1002.93,21.2,Alluvial,370.7,1.44,0.88,44.66
Akola,Wheat,Kharif,401.2,34.8,Red,121.5,4.44,5.14,26.37
Wardha,Cotton,Kharif,1771.35,25.9,Black,310.0,3.91,3.04,18.08
Pune,Rice,Summer,995.83,28.0,Black,263.6,4.36,7.32,33.08
Beed,Sugarcane,Rabi,2876.66,27.4,Red,393.0,3.45,8.74,289.0
Wardha,Sugarcane,Summer,692.88,24.2,Red,141.5,9.6,5.03,227.52
Hingoli,Cotton,Rabi,1362.68,22.9,Red,250.2,8.41,9.13,29.73
Sindhudurg,Soybean,Summer,1032.84,28.4,Red,115.5,4.24,7.09,30.61
Sindhudurg,Sugarcane,Summer,2710.46,21.1,Alluvial,390.1,9.34,3.24,241.6
Kolhapur,Cotton,Kharif,744.02,24.0,Red,161.3,5.4,3.15,30.27
Hingoli,Wheat,Rabi,777.63,27.7,Alluvial,111.9,1.51,7.08,46.66
Pune,Rice,Kharif,2563.75,33.4,Black,224.2,1.57,2.62,48.47
Nashik,Rice,Summer,440.4,33.3,Black,370.4,1.15,1.69,30.45
Latur,Wheat,Summer,511.3,24.8,Black,261.3,9.03,3.08,25.41
Beed,Rice,Kharif,954.7,23.4,Alluvial,230.0,7.09,3.29,31.22
Bhandara,Cotton,Kharif,2829.3,20.2,Red,264.6,5.11,7.04,36.09
Hingoli,Rice,Kharif,1728.38,26.1,Alluvial,325.5,2.1,2.09,41.58
Nanded,Rice,Rabi,624.29,22.1,Red,220.2,3.91,0.92,23.3
Chandrapur,Soybean,Summer,605.97,25.7,Alluvial,315.6,2.93,7.83,19.69
Pune,Soybean,Rabi,2762.66,34.6,Black,208.4,2.29,4.07,19.72
Latur,Rice,Rabi,2979.64,27.5,Black,69.3,6.89,3.23,58.84
Osmanabad,Sugarcane,Summer,1357.29,35.1,Black,305.4,4.25,4.95,224.79
Sangli,Cotton,Summer,2905.42,33.0,Red,311.3,1.3,5.06,28.73
Jalgaon,Wheat,Rabi,552.29,21.9,Black,264.7,6.76,7.25,22.79
Satara,Rice,Summer,624.23,29.9,Red,399.7,6.45,5.62,30.48
Latur,Rice,Rabi,2807.43,24.0,Alluvial,186.1,9.19,7.31,51.5
Osmanabad,Sugarcane,Rabi,1809.45,24.5,Alluvial,175.7,1.49,1.71,276.93
Ahmednagar,Cotton,Summer,445.91,38.0,Red,122.8,2.15,8.94,22.22
Hingoli,Rice,Rabi,1937.25,28.5,Black,59.6,4.9,8.67,49.31
Dhule,Rice,Summer,2090.99,24.4,Red,150.8,8.51,2.28,34.77
Beed,Sugarcane,Rabi,1185.61,23.4,Laterite,116.9,4.67,6.29,279.42
Wardha,Sugarcane,Rabi,863.52,37.5,Laterite,396.9,5.49,5.4,213.6
Satara,Sugarcane,Rabi,1867.14,31.4,Alluvial,118.2,1.82,8.85,170.41
Dhule,Rice,Summer,1598.17,29.7,Black,395.1,6.9,7.07,56.3
Solapur,Rice,Summer,1779.39,32.9,Alluvial,380.8,8.25,1.6,58.0
Amravati,Rice,Rabi,2136.45,31.6,Alluvial,108.9,8.21,6.56,41.61
Dhule,Sugarcane,Summer,502.96,34.8,Alluvial,278.8,9.74,9.82,200.67
Thane,Rice,Rabi,952.08,23.5,Alluvial,313.3,8.52,0.92,67.84
Kolhapur,Sugarcane,Kharif,1244.38,27.5,Laterite,242.6,1.77,4.44,252.71
Beed,Soybean,Summer,1047.03,34.6,Red,105.7,2.01,5.69,25.87
Osmanabad,Cotton,Summer,1563.45,35.9,Black,50.1,5.43,8.47,35.02
Jalgaon,Rice,Rabi,1604.75,28.3,Laterite,184.6,1.27,8.74,40.24
Osmanabad,Cotton,Kharif,2163.32,37.3,Alluvial,377.6,8.68,1.49,22.2
Sindhudurg,Cotton,Summer,2239.1,30.0,Black,187.0,3.07,3.83,22.19
Mumbai,Sugarcane,Kharif,2577.1,32.0,Black,190.3,2.2,1.16,292.27
Jalgaon,Sugarcane,Rabi,2028.33,35.7,Red,300.8,7.91,2.98,179.4
Parbhani,Rice,Summer,2111.61,28.5,Black,293.2,3.07,3.03,31.04
Wardha,Wheat,Summer,2803.93,22.5,Alluvial,80.5,7.9,6.95,49.78
Chandrapur,Cotton,Summer,2869.33,23.5,Red,239.9,5.41,5.31,24.6
Gondia,Cotton,Rabi,1828.31,23.6,Black,326.5,7.03,5.45,24.25
Ahmednagar,Rice,Rabi,1211.74,21.4,Laterite,260.8,2.31,3.24,22.12
Nashik,Wheat,Kharif,1995.44,22.5,Red,174.7,8.11,8.65,54.1
Bhandara,Wheat,Rabi,1848.68,30.3,Laterite,393.6,3.55,5.42,49.18
Jalgaon,Soybean,Kharif,2109.23,24.9,Laterite,264.9,9.9,0.88,30.53
Aurangabad,Wheat,Kharif,2871.91,29.2,Laterite,296.8,5.68,4.42,42.36
Mumbai,Soybean,Kharif,2183.94,23.4,Alluvial,134.5,1.45,4.65,26.86
Nagpur,Soybean,Kharif,1044.68,29.2,Laterite,85.6,5.76,7.88,19.54
Nashik,Wheat,Rabi,2761.7,29.7,Red,102.6,3.3,9.94,33.12
Satara,Rice,Kharif,2642.39,34.3,Black,139.0,9.68,7.75,28.24
Dhule,Sugarcane,Kharif,924.48,22.1,Laterite,74.0,3.94,3.94,228.46
Parbhani,Soybean,Summer,1459.5,29.8,Black,327.9,4.45,3.78,19.36
Aurangabad,Soybean,Rabi,2674.8,34.6,Alluvial,297.2,2.94,1.69,14.88
Jalgaon,Cotton,Kharif,2025.91,23.8,Alluvial,257.5,6.46,7.61,19.88
Aurangabad,Sugarcane,Kharif,2736.31,30.1,Laterite,284.9,3.04,6.87,266.72
Jalgaon,Sugarcane,Summer,601.02,30.6,Black,326.2,9.66,6.71,280.83
Gadchiroli,Rice,Summer,2026.89,35.7,Alluvial,204.6,2.65,4.38,36.35
Gadchiroli,Soybean,Rabi,1732.95,27.7,Black,140.5,9.01,3.61,21.54
Sangli,Rice,Summer,2731.53,22.5,Alluvial,70.8,6.5,2.88,64.59
Satara,Soybean,Rabi,686.88,25.6,Red,300.8,5.53,5.35,28.18
Parbhani,Soybean,Kharif,1751.23,25.0,Red,334.6,6.27,8.23,18.08
Pune,Rice,Rabi,1521.98,35.7,Black,392.2,2.31,6.03,62.46
Gadchiroli,Sugarcane,Rabi,1158.03,33.6,Laterite,115.6,4.66,9.06,177.94
Aurangabad,Wheat,Rabi,840.07,32.1,Red,333.7,7.78,9.32,49.84
Buldhana,Wheat,Summer,2730.69,30.3,Red,139.9,9.66,7.54,35.98
Akola,Soybean,Rabi,419.81,29.6,Black,159.9,5.98,1.99,17.88
Gondia,Rice,Rabi,2007.89,32.2,Alluvial,56.2,9.55,8.17,57.18
Raigad,Wheat,Summer,1821.63,36.6,Red,314.7,7.23,0.68,51.87
Gondia,Soybean,Summer,520.82,25.0,Black,118.3,8.58,10.0,18.64
Amravati,Soybean,Summer,2087.9,35.0,Laterite,320.8,9.03,1.08,13.35
Mumbai,Wheat,Kharif,2696.4,21.1,Alluvial,77.0,5.78,9.31,33.99
Thane,Sugarcane,Summer,1141.32,21.5,Alluvial,315.4,1.59,7.17,295.72
Satara,Wheat,Kharif,2011.57,34.2,Laterite,361.8,9.47,9.76,44.34
Latur,Sugarcane,Summer,1433.92,33.6,Black,214.7,4.05,0.82,175.29
Nashik,Rice,Kharif,1118.11,31.6,Laterite,51.7,1.47,9.27,28.03
Satara,Rice,Summer,679.38,35.8,Laterite,252.2,8.16,2.96,46.48
Bhandara,Cotton,Kharif,936.53,37.9,Black,357.0,5.17,4.81,22.87
Ratnagiri,Rice,Rabi,756.1,28.7,Laterite,175.6,9.11,5.72,54.61
Ahmednagar,Wheat,Rabi,2151.8,36.8,Black,345.8,2.41,7.95,23.28
Latur,Soybean,Rabi,2982.91,25.3,Alluvial,253.5,6.43,0.79,18.32
Pune,Soybean,Summer,2861.25,36.7,Black,340.2,3.34,4.87,26.04
Gondia,Wheat,Kharif,994.53,34.5,Alluvial,206.1,9.02,7.48,24.06
Akola,Cotton,Summer,763.54,27.2,Black,284.0,7.48,5.21,13.49
Wardha,Sugarcane,Kharif,2593.11,31.3,Laterite,68.6,9.96,9.68,274.59
Solapur,Cotton,Rabi,571.06,27.7,Laterite,188.6,5.17,8.04,13.36
Nagpur,Wheat,Rabi,579.9,32.1,Alluvial,397.9,6.56,9.48,37.16
Nashik,Wheat,Rabi,2853.83,23.7,Alluvial,159.6,2.75,5.44,19.23
Gadchiroli,Rice,Rabi,1240.7,21.4,Black,92.8,5.42,9.45,37.43
Jalgaon,Soybean,Kharif,1024.53,26.7,Alluvial,235.2,1.16,2.97,23.08
Dhule,Cotton,Kharif,2414.02,35.0,Red,179.7,1.02,1.38,30.74
Raigad,Cotton,Kharif,1598.25,33.6,Red,275.4,7.96,1.86,26.71
Akola,Sugarcane,Summer,1426.74,33.6,Alluvial,355.6,9.42,4.51,156.8
Ratnagiri,Wheat,Summer,2849.2,28.5,Alluvial,319.6,6.75,7.99,34.38
Jalgaon,Rice,Kharif,2340.19,22.5,Black,275.8,7.41,2.68,31.15
Sangli,Sugarcane,Kharif,2793.11,26.8,Laterite,187.6,5.16,4.76,166.97
Ahmednagar,Rice,Summer,1482.57,36.8,Laterite,238.7,3.25,9.57,34.34
Buldhana,Rice,Rabi,1418.0,20.5,Black,279.3,1.96,1.26,42.78
Solapur,Wheat,Kharif,1816.61,27.6,Alluvial,183.1,8.91,4.35,51.4
Kolhapur,Sugarcane,Rabi,2378.44,23.2,Black,268.9,9.59,8.16,299.56
Wardha,Cotton,Rabi,2248.02,24.3,Red,190.1,3.32,3.22,15.5
Mumbai,Rice,Summer,1403.69,22.7,Alluvial,378.4,1.83,8.96,49.29
Solapur,Sugarcane,Summer,2487.11,37.3,Black,359.5,5.13,3.82,245.68
Nashik,Soybean,Rabi,2219.31,36.4,Red,224.2,9.52,5.95,10.54
Pune,Sugarcane,Kharif,1392.37,36.3,Laterite,254.3,2.71,1.43,218.94
Solapur,Wheat,Kharif,728.23,23.0,Alluvial,176.1,7.21,8.64,26.32
Amravati,Wheat,Kharif,2712.46,29.5,Red,169.3,4.76,6.78,38.89
Nagpur,Cotton,Rabi,1167.06,23.1,Black,65.9,5.48,6.54,25.71
Washim,Cotton,Rabi,670.28,33.7,Alluvial,320.2,6.57,2.36,31.72
Nashik,Rice,Summer,1824.55,21.8,Alluvial,188.7,5.87,6.43,39.54
Washim,Rice,Kharif,725.52,37.4,Black,312.9,5.88,2.11,50.6
Chandrapur,Rice,Rabi,511.61,37.1,Alluvial,61.3,3.15,7.92,61.67
Chandrapur,Sugarcane,Kharif,2680.57,26.2,Red,273.3,7.17,6.95,208.4
Gadchiroli,Wheat,Kharif,2291.92,23.9,Red,280.5,1.47,1.25,47.84
Sangli,Rice,Summer,1961.11,30.2,Black,190.5,1.59,2.18,55.16
Thane,Rice,Rabi,1858.92,32.3,Black,144.1,3.94,4.11,24.28
Thane,Soybean,Summer,1708.29,23.5,Laterite,94.9,5.97,6.01,22.51
Bhandara,Sugarcane,Summer,788.48,35.0,Red,106.2,7.4,6.99,194.62
Thane,Wheat,Summer,2565.39,36.0,Red,396.2,5.17,2.58,27.81
Parbhani,Cotton,Summer,2073.66,23.4,Black,104.4,6.24,8.96,31.17
Chandrapur,Rice,Summer,665.67,33.0,Laterite,112.6,5.81,7.17,22.04
Palghar,Soybean,Summer,694.26,27.3,Laterite,328.3,7.74,3.46,11.72
Satara,Rice,Kharif,2758.77,25.5,Red,137.6,8.32,4.87,35.3
Hingoli,Sugarcane,Summer,2862.81,27.4,Black,124.4,2.7,9.23,177.18
Jalgaon,Rice,Summer,2509.04,28.9,Black,173.7,7.83,2.69,27.5
Nanded,Rice,Rabi,2277.7,35.0,Alluvial,175.5,5.26,4.98,54.5
Gadchiroli,Sugarcane,Summer,1027.65,30.9,Black,316.3,6.01,8.53,236.0
Jalgaon,Rice,Kharif,2950.38,31.9,Black,112.4,3.81,4.55,23.98
Chandrapur,Wheat,Summer,573.0,33.1,Red,127.7,9.52,3.59,46.7
Akola,Wheat,Rabi,1468.64,23.9,Laterite,351.1,2.77,0.72,24.7
Raigad,Soybean,Kharif,2595.03,36.2,Black,217.0,1.21,4.89,32.7
